dlibCNN,randomforestclassifier,None,0.0,False,,0.760909090909091,0.760909090909091,"(0.6899355768409997, 0.8318826049771822)",0.7238095238095238,0.64,0.6655844155844155,0.06430858532587688,"{'bootstrap': True, 'class_weight': None, 'criterion': 'gini', 'max_depth': None, 'max_features': 42, 'min_samples_leaf': 1, 'n_estimators': 1500, 'n_jobs': -1, 'random_state': 707878}"
dlibCNN,randomforestclassifier,None,0.0,False,Random,0.7583333333333334,0.7583333333333334,"(0.6621027847136028, 0.854563881953064)",0.7533333333333333,0.78,0.7584126984126984,0.0788579833507538,"{'bootstrap': True, 'class_weight': None, 'criterion': 'gini', 'max_depth': None, 'max_features': 22, 'min_samples_leaf': 2, 'n_estimators': 2000, 'n_jobs': -1, 'random_state': 707878}"
dlibCNN,randomforestclassifier,None,0.0,False,Smote,0.832967032967033,0.78,"(0.6823955087742475, 0.8776044912257526)",0.6965873015873016,0.835,0.7453768453768455,0.02050724744796753,"{'bootstrap': True, 'class_weight': None, 'criterion': 'gini', 'max_depth': None, 'max_features': 22, 'min_samples_leaf': 1, 'n_estimators': 500, 'n_jobs': -1, 'random_state': 707878}"
dlibCNN,randomforestclassifier,None,0.0,False,Borderline,0.803846153846154,0.7436363636363637,"(0.6707199785104215, 0.8165527487623058)",0.6544444444444444,0.8099999999999999,0.7087606837606837,0.04233937104543049,"{'bootstrap': True, 'class_weight': None, 'criterion': 'gini', 'max_depth': None, 'max_features': 26, 'min_samples_leaf': 1, 'n_estimators': 1000, 'n_jobs': -1, 'random_state': 707878}"
dlibCNN,randomforestclassifier,None,0.0,False,KMeans,0.8131868131868132,0.7618181818181818,"(0.6801483509782598, 0.8434880126581039)",0.7033333333333334,0.71,0.6916666666666667,0.045118215481440224,"{'bootstrap': True, 'class_weight': None, 'criterion': 'gini', 'max_depth': None, 'max_features': 142, 'min_samples_leaf': 1, 'n_estimators': 1000, 'n_jobs': -1, 'random_state': 707878}"
dlibCNN,randomforestclassifier,None,0.0,False,SVM,0.8181318681318682,0.7890909090909091,"(0.6921142302210483, 0.8860675879607698)",0.7277777777777776,0.8150000000000001,0.7494749694749695,0.022469904422760013,"{'bootstrap': True, 'class_weight': None, 'criterion': 'gini', 'max_depth': None, 'max_features': 30, 'min_samples_leaf': 1, 'n_estimators': 500, 'n_jobs': -1, 'random_state': 707878}"
dlibCNN,randomforestclassifier,None,0.0,False,Tomek,0.8538461538461538,0.77,"(0.6709500393365145, 0.8690499606634855)",0.6882539682539683,0.8099999999999999,0.7275197025197025,0.02253096620241801,"{'bootstrap': True, 'class_weight': None, 'criterion': 'gini', 'max_depth': None, 'max_features': 50, 'min_samples_leaf': 2, 'n_estimators': 500, 'n_jobs': -1, 'random_state': 707878}"
dlibCNN,randomforestclassifier,None,0.0,True,,0.760909090909091,0.760909090909091,"(0.6899355768409997, 0.8318826049771822)",0.7238095238095238,0.64,0.6655844155844155,0.06488802711168926,"{'bootstrap': True, 'class_weight': None, 'criterion': 'gini', 'max_depth': None, 'max_features': 42, 'min_samples_leaf': 1, 'n_estimators': 1500, 'n_jobs': -1, 'random_state': 707878}"
dlibCNN,randomforestclassifier,None,0.0,True,Random,0.7583333333333334,0.7583333333333334,"(0.6621027847136028, 0.854563881953064)",0.7533333333333333,0.78,0.7584126984126984,0.08272989908854167,"{'bootstrap': True, 'class_weight': None, 'criterion': 'gini', 'max_depth': None, 'max_features': 22, 'min_samples_leaf': 2, 'n_estimators': 2000, 'n_jobs': -1, 'random_state': 707878}"
dlibCNN,randomforestclassifier,None,0.0,True,Smote,0.832967032967033,0.78,"(0.6823955087742475, 0.8776044912257526)",0.6965873015873016,0.835,0.7453768453768455,0.02310197710990906,"{'bootstrap': True, 'class_weight': None, 'criterion': 'gini', 'max_depth': None, 'max_features': 22, 'min_samples_leaf': 1, 'n_estimators': 500, 'n_jobs': -1, 'random_state': 707878}"
dlibCNN,randomforestclassifier,None,0.0,True,Borderline,0.803846153846154,0.7436363636363637,"(0.6707199785104215, 0.8165527487623058)",0.6544444444444444,0.8099999999999999,0.7087606837606837,0.041979681253433224,"{'bootstrap': True, 'class_weight': None, 'criterion': 'gini', 'max_depth': None, 'max_features': 26, 'min_samples_leaf': 1, 'n_estimators': 1000, 'n_jobs': -1, 'random_state': 707878}"
dlibCNN,randomforestclassifier,None,0.0,True,KMeans,0.7983516483516484,0.7618181818181818,"(0.6926042415035003, 0.8310321221328634)",0.7171428571428571,0.665,0.675108225108225,0.021981041828791303,"{'bootstrap': True, 'class_weight': None, 'criterion': 'gini', 'max_depth': None, 'max_features': 22, 'min_samples_leaf': 2, 'n_estimators': 500, 'n_jobs': -1, 'random_state': 707878}"
dlibCNN,randomforestclassifier,None,0.0,True,SVM,0.8181318681318682,0.7890909090909091,"(0.6921142302210483, 0.8860675879607698)",0.7277777777777776,0.8150000000000001,0.7494749694749695,0.022030993302663168,"{'bootstrap': True, 'class_weight': None, 'criterion': 'gini', 'max_depth': None, 'max_features': 30, 'min_samples_leaf': 1, 'n_estimators': 500, 'n_jobs': -1, 'random_state': 707878}"
dlibCNN,randomforestclassifier,None,0.0,True,Tomek,0.8538461538461538,0.77,"(0.6709500393365145, 0.8690499606634855)",0.6882539682539683,0.8099999999999999,0.7275197025197025,0.022992269992828367,"{'bootstrap': True, 'class_weight': None, 'criterion': 'gini', 'max_depth': None, 'max_features': 50, 'min_samples_leaf': 2, 'n_estimators': 500, 'n_jobs': -1, 'random_state': 707878}"
dlibCNN,randomforestclassifier,None,0.98,False,,0.760909090909091,0.760909090909091,"(0.6899355768409997, 0.8318826049771822)",0.7171428571428572,0.665,0.675108225108225,0.08208126902580262,"{'bootstrap': True, 'class_weight': None, 'criterion': 'gini', 'max_depth': None, 'max_features': 16, 'min_samples_leaf': 1, 'n_estimators': 2000, 'n_jobs': -1, 'random_state': 707878}"
dlibCNN,randomforestclassifier,None,0.98,False,Random,0.7583333333333334,0.7583333333333334,"(0.6621027847136028, 0.854563881953064)",0.7533333333333333,0.78,0.7584126984126984,0.04286430239677429,"{'bootstrap': True, 'class_weight': None, 'criterion': 'gini', 'max_depth': None, 'max_features': 12, 'min_samples_leaf': 2, 'n_estimators': 1000, 'n_jobs': -1, 'random_state': 707878}"
dlibCNN,randomforestclassifier,None,0.98,False,Smote,0.8252747252747253,0.7790909090909092,"(0.6710562270410237, 0.8871255911407946)",0.7044444444444444,0.8300000000000001,0.7483638583638583,0.022156544129053754,"{'bootstrap': True, 'class_weight': None, 'criterion': 'gini', 'max_depth': None, 'max_features': 12, 'min_samples_leaf': 1, 'n_estimators': 500, 'n_jobs': -1, 'random_state': 707878}"
dlibCNN,randomforestclassifier,None,0.98,False,Borderline,0.7961538461538462,0.7627272727272728,"(0.6938774665913171, 0.8315770788632285)",0.6665873015873015,0.8300000000000001,0.7281546231546232,0.041494196256001786,"{'bootstrap': True, 'class_weight': None, 'criterion': 'gini', 'max_depth': None, 'max_features': 26, 'min_samples_leaf': 1, 'n_estimators': 1000, 'n_jobs': -1, 'random_state': 707878}"
dlibCNN,randomforestclassifier,None,0.98,False,KMeans,0.7983516483516484,0.7245454545454546,"(0.6432070948556698, 0.8058838142352394)",0.6794444444444445,0.635,0.6377289377289377,0.02142223556836446,"{'bootstrap': True, 'class_weight': None, 'criterion': 'gini', 'max_depth': None, 'max_features': 34, 'min_samples_leaf': 2, 'n_estimators': 500, 'n_jobs': -1, 'random_state': 707878}"
dlibCNN,randomforestclassifier,None,0.98,False,SVM,0.8186813186813188,0.7890909090909091,"(0.7023436641254872, 0.8758381540563309)",0.731111111111111,0.8099999999999999,0.7522527472527472,0.062146248420079556,"{'bootstrap': True, 'class_weight': None, 'criterion': 'gini', 'max_depth': None, 'max_features': 24, 'min_samples_leaf': 1, 'n_estimators': 1500, 'n_jobs': -1, 'random_state': 707878}"
dlibCNN,randomforestclassifier,None,0.98,False,Tomek,0.8274725274725275,0.7709090909090909,"(0.6684663095565736, 0.8733518722616082)",0.6894444444444445,0.8099999999999999,0.7326495726495726,0.04260218699773153,"{'bootstrap': True, 'class_weight': None, 'criterion': 'gini', 'max_depth': None, 'max_features': 24, 'min_samples_leaf': 1, 'n_estimators': 1000, 'n_jobs': -1, 'random_state': 707878}"
dlibCNN,randomforestclassifier,None,0.98,True,,0.760909090909091,0.760909090909091,"(0.6899355768409997, 0.8318826049771822)",0.7171428571428572,0.665,0.675108225108225,0.08436795234680175,"{'bootstrap': True, 'class_weight': None, 'criterion': 'gini', 'max_depth': None, 'max_features': 16, 'min_samples_leaf': 1, 'n_estimators': 2000, 'n_jobs': -1, 'random_state': 707878}"
dlibCNN,randomforestclassifier,None,0.98,True,Random,0.7583333333333334,0.7583333333333334,"(0.6621027847136028, 0.854563881953064)",0.7533333333333333,0.78,0.7584126984126984,0.034240585962931315,"{'bootstrap': True, 'class_weight': None, 'criterion': 'gini', 'max_depth': None, 'max_features': 12, 'min_samples_leaf': 2, 'n_estimators': 1000, 'n_jobs': -1, 'random_state': 707878}"
dlibCNN,randomforestclassifier,None,0.98,True,Smote,0.8252747252747253,0.7790909090909092,"(0.6710562270410237, 0.8871255911407946)",0.7044444444444444,0.8300000000000001,0.7483638583638583,0.02060679117838542,"{'bootstrap': True, 'class_weight': None, 'criterion': 'gini', 'max_depth': None, 'max_features': 12, 'min_samples_leaf': 1, 'n_estimators': 500, 'n_jobs': -1, 'random_state': 707878}"
dlibCNN,randomforestclassifier,None,0.98,True,Borderline,0.7961538461538462,0.7627272727272728,"(0.6938774665913171, 0.8315770788632285)",0.6665873015873015,0.8300000000000001,0.7281546231546232,0.04201974034309387,"{'bootstrap': True, 'class_weight': None, 'criterion': 'gini', 'max_depth': None, 'max_features': 26, 'min_samples_leaf': 1, 'n_estimators': 1000, 'n_jobs': -1, 'random_state': 707878}"
dlibCNN,randomforestclassifier,None,0.98,True,KMeans,0.8120879120879122,0.7336363636363636,"(0.6616114301895597, 0.8056612970831676)",0.6783333333333333,0.6599999999999999,0.6523809523809524,0.08469439228375754,"{'bootstrap': True, 'class_weight': None, 'criterion': 'gini', 'max_depth': None, 'max_features': 116, 'min_samples_leaf': 1, 'n_estimators': 2000, 'n_jobs': -1, 'random_state': 707878}"
dlibCNN,randomforestclassifier,None,0.98,True,SVM,0.8186813186813188,0.7890909090909091,"(0.7023436641254872, 0.8758381540563309)",0.731111111111111,0.8099999999999999,0.7522527472527472,0.06517927686373393,"{'bootstrap': True, 'class_weight': None, 'criterion': 'gini', 'max_depth': None, 'max_features': 24, 'min_samples_leaf': 1, 'n_estimators': 1500, 'n_jobs': -1, 'random_state': 707878}"
dlibCNN,randomforestclassifier,None,0.98,True,Tomek,0.8274725274725275,0.7709090909090909,"(0.6684663095565736, 0.8733518722616082)",0.6894444444444445,0.8099999999999999,0.7326495726495726,0.04409119804700216,"{'bootstrap': True, 'class_weight': None, 'criterion': 'gini', 'max_depth': None, 'max_features': 24, 'min_samples_leaf': 1, 'n_estimators': 1000, 'n_jobs': -1, 'random_state': 707878}"
dlibCNN,randomforestclassifier,None,0.99,False,,0.760909090909091,0.760909090909091,"(0.6899355768409997, 0.8318826049771822)",0.7238095238095238,0.64,0.6655844155844155,0.024824877977371217,"{'bootstrap': True, 'class_weight': None, 'criterion': 'gini', 'max_depth': None, 'max_features': 18, 'min_samples_leaf': 1, 'n_estimators': 500, 'n_jobs': -1, 'random_state': 707878}"
dlibCNN,randomforestclassifier,None,0.99,False,Random,0.7583333333333334,0.7583333333333334,"(0.6621027847136028, 0.854563881953064)",0.7533333333333333,0.78,0.7584126984126984,0.02152233680089315,"{'bootstrap': True, 'class_weight': None, 'criterion': 'gini', 'max_depth': None, 'max_features': 18, 'min_samples_leaf': 1, 'n_estimators': 500, 'n_jobs': -1, 'random_state': 707878}"
dlibCNN,randomforestclassifier,None,0.99,False,Smote,0.8318681318681319,0.7890909090909092,"(0.6970866680100791, 0.8810951501717392)",0.7,0.8300000000000001,0.7511111111111111,0.04650117476781209,"{'bootstrap': True, 'class_weight': None, 'criterion': 'gini', 'max_depth': None, 'max_features': 123, 'min_samples_leaf': 1, 'n_estimators': 1000, 'n_jobs': -1, 'random_state': 707878}"
dlibCNN,randomforestclassifier,None,0.99,False,Borderline,0.8181318681318682,0.7618181818181818,"(0.6801483509782598, 0.8434880126581039)",0.7066666666666667,0.73,0.703015873015873,0.06817933837572734,"{'bootstrap': True, 'class_weight': None, 'criterion': 'gini', 'max_depth': None, 'max_features': 141, 'min_samples_leaf': 1, 'n_estimators': 1500, 'n_jobs': -1, 'random_state': 707878}"
dlibCNN,randomforestclassifier,None,0.99,False,KMeans,0.7983516483516484,0.7345454545454546,"(0.657676685747399, 0.8114142233435102)",0.6961111111111111,0.635,0.6377289377289377,0.04659778833389282,"{'bootstrap': True, 'class_weight': None, 'criterion': 'gini', 'max_depth': None, 'max_features': 15, 'min_samples_leaf': 1, 'n_estimators': 1000, 'n_jobs': -1, 'random_state': 707878}"
dlibCNN,randomforestclassifier,None,0.99,False,SVM,0.8186813186813188,0.7427272727272728,"(0.6565642458346097, 0.8288902996199359)",0.6794444444444445,0.6849999999999999,0.6663003663003663,0.02296987016995748,"{'bootstrap': True, 'class_weight': None, 'criterion': 'gini', 'max_depth': None, 'max_features': 114, 'min_samples_leaf': 1, 'n_estimators': 500, 'n_jobs': -1, 'random_state': 707878}"
dlibCNN,randomforestclassifier,None,0.99,False,Tomek,0.8351648351648352,0.7709090909090909,"(0.6780913570663468, 0.8637268247518349)",0.6744444444444445,0.8300000000000001,0.7348717948717949,0.02485570192337036,"{'bootstrap': True, 'class_weight': None, 'criterion': 'gini', 'max_depth': None, 'max_features': 54, 'min_samples_leaf': 1, 'n_estimators': 500, 'n_jobs': -1, 'random_state': 707878}"
dlibCNN,randomforestclassifier,None,0.99,True,,0.760909090909091,0.760909090909091,"(0.6899355768409997, 0.8318826049771822)",0.7238095238095238,0.64,0.6655844155844155,0.02502882480621338,"{'bootstrap': True, 'class_weight': None, 'criterion': 'gini', 'max_depth': None, 'max_features': 18, 'min_samples_leaf': 1, 'n_estimators': 500, 'n_jobs': -1, 'random_state': 707878}"
dlibCNN,randomforestclassifier,None,0.99,True,Random,0.7583333333333334,0.7583333333333334,"(0.6621027847136028, 0.854563881953064)",0.7533333333333333,0.78,0.7584126984126984,0.022551604906717936,"{'bootstrap': True, 'class_weight': None, 'criterion': 'gini', 'max_depth': None, 'max_features': 18, 'min_samples_leaf': 1, 'n_estimators': 500, 'n_jobs': -1, 'random_state': 707878}"
dlibCNN,randomforestclassifier,None,0.99,True,Smote,0.8318681318681319,0.7890909090909092,"(0.6970866680100791, 0.8810951501717392)",0.7,0.8300000000000001,0.7511111111111111,0.042537301778793335,"{'bootstrap': True, 'class_weight': None, 'criterion': 'gini', 'max_depth': None, 'max_features': 123, 'min_samples_leaf': 1, 'n_estimators': 1000, 'n_jobs': -1, 'random_state': 707878}"
dlibCNN,randomforestclassifier,None,0.99,True,Borderline,0.8181318681318682,0.7618181818181818,"(0.6801483509782598, 0.8434880126581039)",0.7066666666666667,0.73,0.703015873015873,0.06526543180147806,"{'bootstrap': True, 'class_weight': None, 'criterion': 'gini', 'max_depth': None, 'max_features': 141, 'min_samples_leaf': 1, 'n_estimators': 1500, 'n_jobs': -1, 'random_state': 707878}"
dlibCNN,randomforestclassifier,None,0.99,True,KMeans,0.8054945054945055,0.7436363636363637,"(0.6588059978740265, 0.8284667293987008)",0.6961111111111111,0.6599999999999999,0.6567765567765568,0.044290019671122234,"{'bootstrap': True, 'class_weight': None, 'criterion': 'gini', 'max_depth': None, 'max_features': 21, 'min_samples_leaf': 1, 'n_estimators': 1000, 'n_jobs': -1, 'random_state': 707878}"
dlibCNN,randomforestclassifier,None,0.99,True,SVM,0.8186813186813188,0.7427272727272728,"(0.6565642458346097, 0.8288902996199359)",0.6794444444444445,0.6849999999999999,0.6663003663003663,0.024586528539657593,"{'bootstrap': True, 'class_weight': None, 'criterion': 'gini', 'max_depth': None, 'max_features': 114, 'min_samples_leaf': 1, 'n_estimators': 500, 'n_jobs': -1, 'random_state': 707878}"
dlibCNN,randomforestclassifier,None,0.99,True,Tomek,0.8351648351648352,0.7709090909090909,"(0.6780913570663468, 0.8637268247518349)",0.6744444444444445,0.8300000000000001,0.7348717948717949,0.022811966339747112,"{'bootstrap': True, 'class_weight': None, 'criterion': 'gini', 'max_depth': None, 'max_features': 54, 'min_samples_leaf': 1, 'n_estimators': 500, 'n_jobs': -1, 'random_state': 707878}"
dlibCNN,svc,PCA,0.0,False,,0.77,0.7618181818181818,"(0.6551952921168402, 0.8684410715195234)",0.7141666666666666,0.6849999999999999,0.6845238095238095,0.00017990628878275554,"{'C': 1, 'coef0': 0, 'degree': 2, 'gamma': 0.1, 'kernel': 'sigmoid', 'probability': True, 'random_state': 707878}"
dlibCNN,svc,PCA,0.0,False,Random,0.8180555555555555,0.8055555555555556,"(0.7228316282542714, 0.8882794828568398)",0.8324999999999999,0.825,0.8094627594627595,0.0001910090446472168,"{'C': 1, 'coef0': 0, 'degree': 2, 'gamma': 'scale', 'kernel': 'sigmoid', 'probability': True, 'random_state': 707878}"
dlibCNN,svc,PCA,0.0,False,Smote,0.8642857142857142,0.7881818181818182,"(0.72461168306053, 0.8517519533031064)",0.8216666666666667,0.635,0.6817460317460318,0.0002348232269287109,"{'C': 0.1, 'coef0': 0, 'degree': 3, 'gamma': 0.1, 'kernel': 'poly', 'probability': True, 'random_state': 707878}"
dlibCNN,svc,PCA,0.0,False,Borderline,0.8472527472527472,0.7872727272727273,"(0.6912992992008502, 0.8832461553446045)",0.6971428571428572,0.805,0.7338383838383838,0.00023364504178365075,"{'C': 10, 'coef0': 0, 'degree': 2, 'gamma': 0.01, 'kernel': 'rbf', 'probability': True, 'random_state': 707878}"
dlibCNN,svc,PCA,0.0,False,KMeans,0.8274725274725275,0.7418181818181818,"(0.6645592137169567, 0.8190771499194069)",0.6766666666666666,0.605,0.6193650793650793,0.00017795801162719729,"{'C': 50, 'coef0': 0, 'degree': 2, 'gamma': 0.001, 'kernel': 'rbf', 'probability': True, 'random_state': 707878}"
dlibCNN,svc,PCA,0.0,False,SVM,0.8258241758241758,0.7418181818181818,"(0.6385349426604701, 0.8451014209758936)",0.6616666666666666,0.6849999999999999,0.6604761904761903,0.0002196033795674642,"{'C': 5, 'coef0': 0, 'degree': 2, 'gamma': 0.01, 'kernel': 'rbf', 'probability': True, 'random_state': 707878}"
dlibCNN,svc,PCA,0.0,False,Tomek,0.8714285714285716,0.7881818181818183,"(0.72461168306053, 0.8517519533031066)",0.8466666666666667,0.61,0.6734126984126985,0.00022119442621866865,"{'C': 0.1, 'coef0': 0, 'degree': 3, 'gamma': 0.1, 'kernel': 'poly', 'probability': True, 'random_state': 707878}"
dlibCNN,svc,PCA,0.0,True,,0.760909090909091,0.7063636363636364,"(0.6104955215667409, 0.8022317511605319)",0.5995238095238096,0.6799999999999999,0.623910533910534,0.00020892580350240073,"{'C': 10, 'coef0': 0, 'degree': 2, 'gamma': 'scale', 'kernel': 'sigmoid', 'probability': True, 'random_state': 707878}"
dlibCNN,svc,PCA,0.0,True,Random,0.8180555555555555,0.8180555555555555,"(0.735271993071252, 0.900839118039859)",0.8375,0.85,0.8233516483516483,0.00018037358919779461,"{'C': 1, 'coef0': 0, 'degree': 2, 'gamma': 'scale', 'kernel': 'sigmoid', 'probability': True, 'random_state': 707878}"
dlibCNN,svc,PCA,0.0,True,Smote,0.8714285714285716,0.7972727272727272,"(0.728177685075777, 0.8663677694696775)",0.8216666666666667,0.6599999999999999,0.7007936507936507,0.00022239605585734046,"{'C': 0.1, 'coef0': 0, 'degree': 3, 'gamma': 0.1, 'kernel': 'poly', 'probability': True, 'random_state': 707878}"
dlibCNN,svc,PCA,0.0,True,Borderline,0.8428571428571429,0.8063636363636364,"(0.7656901244030666, 0.8470371483242062)",0.975,0.505,0.643888888888889,0.0002225641409556071,"{'C': 0.1, 'coef0': 0, 'degree': 3, 'gamma': 0.1, 'kernel': 'poly', 'probability': True, 'random_state': 707878}"
dlibCNN,svc,PCA,0.0,True,SVM,0.8258241758241758,0.8181818181818181,"(0.7119916566167129, 0.9243719797469233)",0.7699999999999999,0.7849999999999999,0.7707142857142857,0.00019096175829569497,"{'C': 5, 'coef0': 0, 'degree': 2, 'gamma': 0.01, 'kernel': 'rbf', 'probability': True, 'random_state': 707878}"
dlibCNN,svc,PCA,0.0,True,Tomek,0.8714285714285716,0.7790909090909091,"(0.7223967320027593, 0.8357850861790588)",0.8466666666666667,0.585,0.6543650793650794,0.00022499402364095053,"{'C': 0.1, 'coef0': 0, 'degree': 3, 'gamma': 0.1, 'kernel': 'poly', 'probability': True, 'random_state': 707878}"
dlibCNN,svc,PCA,0.98,False,,0.78,0.78,"(0.6981003717704883, 0.8618996282295117)",0.76,0.71,0.6984920634920635,0.00019165277481079105,"{'C': 100, 'coef0': 0, 'degree': 2, 'gamma': 0.001, 'kernel': 'rbf', 'probability': True, 'random_state': 707878}"
dlibCNN,svc,PCA,0.98,False,Random,0.7597222222222222,0.7597222222222222,"(0.6444278589909643, 0.87501658545348)",0.7516666666666667,0.78,0.7508730158730159,0.00016417702039082845,"{'C': 0.1, 'coef0': 0, 'degree': 2, 'gamma': 5, 'kernel': 'sigmoid', 'probability': True, 'random_state': 707878}"
dlibCNN,svc,PCA,0.98,False,Smote,0.8417582417582418,0.7790909090909091,"(0.7146399542223342, 0.8435418639594839)",0.7466666666666667,0.6599999999999999,0.6843650793650793,0.00017835219701131184,"{'C': 1, 'coef0': 0, 'degree': 3, 'gamma': 0.1, 'kernel': 'poly', 'probability': True, 'random_state': 707878}"
dlibCNN,svc,PCA,0.98,False,Borderline,0.8269230769230769,0.7872727272727272,"(0.7073239230755287, 0.8672215314699258)",0.735,0.705,0.702936507936508,0.00020791292190551757,"{'C': 0.01, 'coef0': 0, 'degree': 3, 'gamma': 1, 'kernel': 'poly', 'probability': True, 'random_state': 707878}"
dlibCNN,svc,PCA,0.98,False,KMeans,0.8054945054945055,0.77,"(0.7221112981457082, 0.8178887018542919)",0.9,0.465,0.5942857142857144,0.0001364608605702718,"{'C': 0.01, 'coef0': 0, 'degree': 5, 'gamma': 0.5, 'kernel': 'poly', 'probability': True, 'random_state': 707878}"
dlibCNN,svc,PCA,0.98,False,SVM,0.7742424242424243,0.809090909090909,"(0.7148564888909988, 0.9033253292908191)",0.8300000000000001,0.64,0.686031746031746,0.0001869988441467285,"{'C': 0.01, 'coef0': 0, 'degree': 3, 'gamma': 0.5, 'kernel': 'poly', 'probability': True, 'random_state': 707878}"
dlibCNN,svc,PCA,0.98,False,Tomek,0.8516483516483516,0.7881818181818182,"(0.7324910091414546, 0.8438726272221818)",0.7566666666666667,0.6849999999999999,0.701031746031746,0.0001794751485188802,"{'C': 0.01, 'coef0': 0, 'degree': 3, 'gamma': 0.5, 'kernel': 'poly', 'probability': True, 'random_state': 707878}"
dlibCNN,svc,PCA,0.98,True,,0.78,0.78,"(0.6981003717704883, 0.8618996282295117)",0.76,0.71,0.6984920634920635,0.00018369754155476888,"{'C': 100, 'coef0': 0, 'degree': 2, 'gamma': 0.001, 'kernel': 'rbf', 'probability': True, 'random_state': 707878}"
dlibCNN,svc,PCA,0.98,True,Random,0.75,0.75,"(0.636919394667038, 0.863080605332962)",0.7733333333333333,0.71,0.7298412698412698,0.00016648491223653157,"{'C': 10, 'coef0': 0, 'degree': 2, 'gamma': 0.01, 'kernel': 'sigmoid', 'probability': True, 'random_state': 707878}"
dlibCNN,svc,PCA,0.98,True,Smote,0.8417582417582418,0.7790909090909091,"(0.7146399542223342, 0.8435418639594839)",0.7466666666666667,0.6599999999999999,0.6843650793650793,0.00018947124481201173,"{'C': 1, 'coef0': 0, 'degree': 3, 'gamma': 0.1, 'kernel': 'poly', 'probability': True, 'random_state': 707878}"
dlibCNN,svc,PCA,0.98,True,Borderline,0.8269230769230769,0.7872727272727272,"(0.7073239230755287, 0.8672215314699258)",0.735,0.705,0.702936507936508,0.00018685499827067058,"{'C': 0.01, 'coef0': 0, 'degree': 3, 'gamma': 1, 'kernel': 'poly', 'probability': True, 'random_state': 707878}"
dlibCNN,svc,PCA,0.98,True,KMeans,0.8054945054945055,0.77,"(0.7221112981457082, 0.8178887018542919)",0.9,0.465,0.5942857142857144,0.00013745943705240887,"{'C': 0.01, 'coef0': 0, 'degree': 5, 'gamma': 0.5, 'kernel': 'poly', 'probability': True, 'random_state': 707878}"
dlibCNN,svc,PCA,0.98,True,SVM,0.7742424242424243,0.809090909090909,"(0.7148564888909988, 0.9033253292908191)",0.8300000000000001,0.64,0.686031746031746,0.00018126368522644042,"{'C': 0.01, 'coef0': 0, 'degree': 3, 'gamma': 0.5, 'kernel': 'poly', 'probability': True, 'random_state': 707878}"
dlibCNN,svc,PCA,0.98,True,Tomek,0.8516483516483516,0.7881818181818182,"(0.7324910091414546, 0.8438726272221818)",0.7566666666666667,0.6849999999999999,0.701031746031746,0.000191040833791097,"{'C': 0.01, 'coef0': 0, 'degree': 3, 'gamma': 0.5, 'kernel': 'poly', 'probability': True, 'random_state': 707878}"
dlibCNN,svc,PCA,0.99,False,,0.7709090909090909,0.7618181818181818,"(0.7078628503082457, 0.815773513328118)",0.75,0.63,0.6633333333333333,0.00018994688987731935,"{'C': 5, 'coef0': 0, 'degree': 2, 'gamma': 'auto', 'kernel': 'sigmoid', 'probability': True, 'random_state': 707878}"
dlibCNN,svc,PCA,0.99,False,Random,0.7569444444444444,0.7444444444444445,"(0.6519325701648903, 0.8369563187239987)",0.7816666666666666,0.735,0.7413492063492064,0.00016631642977396648,"{'C': 5, 'coef0': 0, 'degree': 2, 'gamma': 'scale', 'kernel': 'sigmoid', 'probability': True, 'random_state': 707878}"
dlibCNN,svc,PCA,0.99,False,Smote,0.8631868131868131,0.8081818181818182,"(0.7251059715064672, 0.8912576648571693)",0.7849999999999999,0.6799999999999999,0.7234126984126983,0.0003077602386474609,"{'C': 0.01, 'coef0': 0, 'degree': 5, 'gamma': 0.5, 'kernel': 'poly', 'probability': True, 'random_state': 707878}"
dlibCNN,svc,PCA,0.99,False,Borderline,0.8494505494505494,0.8163636363636364,"(0.7476949108442065, 0.8850323618830663)",0.8666666666666666,0.605,0.6931746031746033,0.0001930109659830729,"{'C': 5, 'coef0': 0, 'degree': 3, 'gamma': 'scale', 'kernel': 'poly', 'probability': True, 'random_state': 707878}"
dlibCNN,svc,PCA,0.99,False,KMeans,0.8142857142857143,0.7336363636363636,"(0.6616114301895597, 0.8056612970831676)",0.8166666666666667,0.365,0.4866666666666667,0.00012524207433064777,"{'C': 0.1, 'coef0': 0, 'degree': 3, 'gamma': 0.1, 'kernel': 'poly', 'probability': True, 'random_state': 707878}"
dlibCNN,svc,PCA,0.99,False,SVM,0.7961538461538462,0.769090909090909,"(0.6828107221157824, 0.8553710960660357)",0.7100000000000001,0.74,0.6977777777777778,0.00031995773315429693,"{'C': 5, 'coef0': 0, 'degree': 2, 'gamma': 'auto', 'kernel': 'rbf', 'probability': True, 'random_state': 707878}"
dlibCNN,svc,PCA,0.99,False,Tomek,0.8664835164835164,0.8172727272727272,"(0.7367237973046123, 0.897821657240842)",0.8183333333333334,0.6799999999999999,0.7329365079365078,0.00020240147908528647,"{'C': 0.01, 'coef0': 0, 'degree': 5, 'gamma': 0.5, 'kernel': 'poly', 'probability': True, 'random_state': 707878}"
dlibCNN,svc,PCA,0.99,True,,0.78,0.7709090909090909,"(0.7083259272238033, 0.8334922545943785)",0.7333333333333333,0.6849999999999999,0.6911904761904761,0.00026907642682393393,"{'C': 5, 'coef0': 0, 'degree': 2, 'gamma': 'auto', 'kernel': 'sigmoid', 'probability': True, 'random_state': 707878}"
dlibCNN,svc,PCA,0.99,True,Random,0.7569444444444444,0.7569444444444444,"(0.6694214728125831, 0.8444674160763057)",0.7966666666666666,0.735,0.7496825396825397,0.00017291506131490071,"{'C': 5, 'coef0': 0, 'degree': 2, 'gamma': 'scale', 'kernel': 'sigmoid', 'probability': True, 'random_state': 707878}"
dlibCNN,svc,PCA,0.99,True,Smote,0.8637362637362637,0.8263636363636364,"(0.7792264866901693, 0.8735007860371036)",0.8133333333333332,0.705,0.7514285714285714,0.00019566098848978678,"{'C': 10, 'coef0': 0, 'degree': 3, 'gamma': 'scale', 'kernel': 'poly', 'probability': True, 'random_state': 707878}"
dlibCNN,svc,PCA,0.99,True,Borderline,0.8560439560439562,0.8072727272727273,"(0.7426216080261534, 0.8719238465193011)",0.8666666666666666,0.585,0.6792857142857144,0.0001896822452545166,"{'C': 5, 'coef0': 0, 'degree': 3, 'gamma': 'auto', 'kernel': 'poly', 'probability': True, 'random_state': 707878}"
dlibCNN,svc,PCA,0.99,True,KMeans,0.8142857142857143,0.6963636363636364,"(0.6188011909054474, 0.7739260818218254)",0.6,0.23500000000000001,0.3283333333333333,0.00014792760213216147,"{'C': 10, 'coef0': 0, 'degree': 3, 'gamma': 'scale', 'kernel': 'poly', 'probability': True, 'random_state': 707878}"
dlibCNN,svc,PCA,0.99,True,SVM,0.798901098901099,0.7063636363636364,"(0.6467606143924379, 0.7659666583348349)",0.7416666666666666,0.33999999999999997,0.44261904761904763,0.00019274552663167316,"{'C': 1, 'coef0': 0, 'degree': 3, 'gamma': 0.1, 'kernel': 'poly', 'probability': True, 'random_state': 707878}"
dlibCNN,svc,PCA,0.99,True,Tomek,0.8593406593406593,0.8172727272727272,"(0.7367237973046123, 0.897821657240842)",0.8183333333333334,0.6799999999999999,0.7329365079365078,0.0002962128321329752,"{'C': 0.01, 'coef0': 0, 'degree': 5, 'gamma': 0.5, 'kernel': 'poly', 'probability': True, 'random_state': 707878}"
dlibCNN,svc,mRMR,0.0,False,,0.7981818181818182,0.7427272727272728,"(0.6415188007172105, 0.8439357447373351)",0.7333333333333333,0.5700000000000001,0.6080952380952381,0.0005459407965342204,"{'C': 5, 'coef0': 0, 'degree': 2, 'gamma': 1, 'kernel': 'poly', 'probability': True, 'random_state': 707878}"
dlibCNN,svc,mRMR,0.0,False,Random,0.7722222222222223,0.7833333333333334,"(0.6727831667980104, 0.8938834998686565)",0.8116666666666668,0.73,0.7534126984126984,0.0002509995301564535,"{'C': 100, 'coef0': 0, 'degree': 2, 'gamma': 'scale', 'kernel': 'poly', 'probability': True, 'random_state': 707878}"
dlibCNN,svc,mRMR,0.0,False,Smote,0.8401098901098901,0.7254545454545455,"(0.6246297970168694, 0.8262792938922215)",0.6521428571428571,0.6900000000000001,0.6488383838383839,0.03794627944628397,"{'C': 0.1, 'coef0': 0, 'degree': 3, 'gamma': 10, 'kernel': 'poly', 'probability': True, 'random_state': 707878}"
dlibCNN,svc,mRMR,0.0,False,Borderline,0.7972527472527473,0.7709090909090909,"(0.6888375368835621, 0.8529806449346197)",0.6677777777777778,0.825,0.7251459651459651,0.00020130713780721027,"{'C': 10, 'coef0': 0, 'degree': 2, 'gamma': 10, 'kernel': 'rbf', 'probability': True, 'random_state': 707878}"
dlibCNN,svc,mRMR,0.0,False,KMeans,0.8494505494505494,0.7890909090909091,"(0.713953083905762, 0.8642287342760562)",0.7838095238095237,0.7150000000000001,0.7232034632034632,0.00022534370422363283,"{'C': 50, 'coef0': 0, 'degree': 2, 'gamma': 'scale', 'kernel': 'linear', 'probability': True, 'random_state': 707878}"
dlibCNN,svc,mRMR,0.0,False,SVM,0.8483516483516483,0.7145454545454546,"(0.6231869371673762, 0.805903971923533)",0.6483333333333332,0.635,0.6165079365079363,0.01762891968091329,"{'C': 0.01, 'coef0': 0, 'degree': 5, 'gamma': 5, 'kernel': 'poly', 'probability': True, 'random_state': 707878}"
dlibCNN,svc,mRMR,0.0,False,Tomek,0.8448717948717949,0.7890909090909091,"(0.7456523397949557, 0.8325294783868624)",0.6888095238095239,0.8300000000000001,0.7466161616161615,0.00018582979838053384,"{'C': 10, 'coef0': 0, 'degree': 2, 'gamma': 10, 'kernel': 'rbf', 'probability': True, 'random_state': 707878}"
dlibCNN,svc,mRMR,0.0,True,,0.7781818181818181,0.7318181818181818,"(0.6472402012713017, 0.816396162365062)",0.6916666666666667,0.465,0.5488095238095239,0.0001250147819519043,"{'C': 10, 'coef0': 0, 'degree': 2, 'gamma': 5, 'kernel': 'rbf', 'probability': True, 'random_state': 707878}"
dlibCNN,svc,mRMR,0.0,True,Random,0.7833333333333334,0.7708333333333334,"(0.6804743781638485, 0.8611922885028183)",0.82,0.73,0.7546031746031747,9.453733762105306e-05,"{'C': 100, 'coef0': 0, 'degree': 2, 'gamma': 'scale', 'kernel': 'linear', 'probability': True, 'random_state': 707878}"
dlibCNN,svc,mRMR,0.0,True,Smote,0.8401098901098901,0.7345454545454546,"(0.6462946791830471, 0.8227962299078622)",0.6616666666666666,0.7150000000000001,0.6633838383838385,0.03829609513282776,"{'C': 50, 'coef0': 0, 'degree': 3, 'gamma': 10, 'kernel': 'poly', 'probability': True, 'random_state': 707878}"
dlibCNN,svc,mRMR,0.0,True,Borderline,0.7741758241758242,0.8072727272727273,"(0.7703853362491142, 0.8441601182963403)",0.7442857142857143,0.805,0.7611688311688312,0.0001839276154836019,"{'C': 50, 'coef0': 0, 'degree': 2, 'gamma': 5, 'kernel': 'rbf', 'probability': True, 'random_state': 707878}"
dlibCNN,svc,mRMR,0.0,True,KMeans,0.8351648351648352,0.76,"(0.6742113175508352, 0.8457886824491648)",0.713095238095238,0.7150000000000001,0.6836580086580086,0.0014822673797607422,"{'C': 10, 'coef0': 0, 'degree': 2, 'gamma': 10, 'kernel': 'poly', 'probability': True, 'random_state': 707878}"
dlibCNN,svc,mRMR,0.0,True,SVM,0.8483516483516483,0.7145454545454546,"(0.6231869371673762, 0.805903971923533)",0.6483333333333332,0.635,0.6165079365079363,0.017743042707443236,"{'C': 0.1, 'coef0': 0, 'degree': 5, 'gamma': 10, 'kernel': 'poly', 'probability': True, 'random_state': 707878}"
dlibCNN,svc,mRMR,0.0,True,Tomek,0.8147435897435897,0.77,"(0.6809410140867255, 0.8590589859132746)",0.6871428571428572,0.76,0.7086796536796536,0.022236893574396767,"{'C': 0.01, 'coef0': 0, 'degree': 5, 'gamma': 10, 'kernel': 'poly', 'probability': True, 'random_state': 707878}"
dlibCNN,svc,mRMR,0.98,False,,0.8154545454545454,0.76,"(0.6688989906525058, 0.8511010093474942)",0.757142857142857,0.5900000000000001,0.6393939393939394,0.00012762109438578287,"{'C': 100, 'coef0': 0, 'degree': 2, 'gamma': 0.5, 'kernel': 'rbf', 'probability': True, 'random_state': 707878}"
dlibCNN,svc,mRMR,0.98,False,Random,0.7583333333333333,0.6833333333333333,"(0.5567276747797846, 0.8099389918868821)",0.7016666666666667,0.61,0.6452380952380952,0.0012362595399220782,"{'C': 10, 'coef0': 0, 'degree': 2, 'gamma': 5, 'kernel': 'poly', 'probability': True, 'random_state': 707878}"
dlibCNN,svc,mRMR,0.98,False,Smote,0.8104395604395604,0.7509090909090909,"(0.6509078737925308, 0.8509103080256509)",0.6716666666666666,0.71,0.6733044733044733,0.007039053042729696,"{'C': 10, 'coef0': 0, 'degree': 2, 'gamma': 10, 'kernel': 'poly', 'probability': True, 'random_state': 707878}"
dlibCNN,svc,mRMR,0.98,False,Borderline,0.8043956043956044,0.7509090909090909,"(0.6719061798632375, 0.8299120019549442)",0.6861111111111111,0.76,0.6970940170940171,0.010250630378723143,"{'C': 100, 'coef0': 0, 'degree': 5, 'gamma': 1, 'kernel': 'poly', 'probability': True, 'random_state': 707878}"
dlibCNN,svc,mRMR,0.98,False,KMeans,0.8065934065934066,0.7418181818181818,"(0.6532273251364491, 0.8304090384999145)",0.6383333333333333,0.5900000000000001,0.5896031746031746,0.0009549057483673096,"{'C': 1, 'coef0': 0, 'degree': 5, 'gamma': 1, 'kernel': 'poly', 'probability': True, 'random_state': 707878}"
dlibCNN,svc,mRMR,0.98,False,SVM,0.787912087912088,0.7509090909090907,"(0.6557221823710739, 0.8460959994471076)",0.6783333333333333,0.6900000000000001,0.6673809523809523,0.00029569387435913086,"{'C': 100, 'coef0': 0, 'degree': 2, 'gamma': 'scale', 'kernel': 'poly', 'probability': True, 'random_state': 707878}"
dlibCNN,svc,mRMR,0.98,False,Tomek,0.8016483516483517,0.7709090909090909,"(0.7012215866875441, 0.8405965951306377)",0.6866666666666668,0.76,0.7099206349206348,0.00013946096102396648,"{'C': 5, 'coef0': 0, 'degree': 2, 'gamma': 5, 'kernel': 'rbf', 'probability': True, 'random_state': 707878}"
dlibCNN,svc,mRMR,0.98,True,,0.769090909090909,0.7872727272727272,"(0.7134342858970225, 0.861111168648432)",0.8066666666666666,0.615,0.6746031746031746,0.00011428078015645343,"{'C': 50, 'coef0': 0, 'degree': 2, 'gamma': 5, 'kernel': 'rbf', 'probability': True, 'random_state': 707878}"
dlibCNN,svc,mRMR,0.98,True,Random,0.7583333333333334,0.6611111111111111,"(0.5521597296672831, 0.7700624925549391)",0.7183333333333334,0.63,0.6393145743145744,8.390347162882486e-05,"{'C': 5, 'coef0': 0, 'degree': 2, 'gamma': 'scale', 'kernel': 'poly', 'probability': True, 'random_state': 707878}"
dlibCNN,svc,mRMR,0.98,True,Smote,0.8032967032967033,0.7227272727272728,"(0.6075688690656889, 0.8378856763888567)",0.6311904761904762,0.6849999999999999,0.6386724386724387,0.004994579553604126,"{'C': 50, 'coef0': 0, 'degree': 3, 'gamma': 10, 'kernel': 'poly', 'probability': True, 'random_state': 707878}"
dlibCNN,svc,mRMR,0.98,True,Borderline,0.8120879120879122,0.76,"(0.6742113175508352, 0.8457886824491648)",0.6861111111111111,0.7849999999999999,0.7161416361416361,0.009670491218566894,"{'C': 50, 'coef0': 0, 'degree': 5, 'gamma': 10, 'kernel': 'poly', 'probability': True, 'random_state': 707878}"
dlibCNN,svc,mRMR,0.98,True,KMeans,0.7846153846153847,0.66,"(0.5968637198508309, 0.7231362801491692)",0.6,0.27,0.3514285714285715,9.187539418538412e-05,"{'C': 5, 'coef0': 0, 'degree': 2, 'gamma': 'scale', 'kernel': 'linear', 'probability': True, 'random_state': 707878}"
dlibCNN,svc,mRMR,0.98,True,SVM,0.7956043956043957,0.769090909090909,"(0.6677826751325155, 0.8703991430493025)",0.725,0.665,0.6769047619047619,0.00018686413764953613,"{'C': 50, 'coef0': 0, 'degree': 2, 'gamma': 5, 'kernel': 'poly', 'probability': True, 'random_state': 707878}"
dlibCNN,svc,mRMR,0.98,True,Tomek,0.7736263736263737,0.769090909090909,"(0.7010822106681557, 0.8370996075136624)",0.7421428571428571,0.6599999999999999,0.6717748917748916,0.00041565179824829104,"{'C': 50, 'coef0': 0, 'degree': 5, 'gamma': 5, 'kernel': 'poly', 'probability': True, 'random_state': 707878}"
dlibCNN,svc,mRMR,0.99,False,,0.7972727272727272,0.76,"(0.6742113175508352, 0.8457886824491648)",0.735,0.615,0.6564285714285714,0.00013646682103474935,"{'C': 100, 'coef0': 0, 'degree': 2, 'gamma': 0.5, 'kernel': 'rbf', 'probability': True, 'random_state': 707878}"
dlibCNN,svc,mRMR,0.99,False,Random,0.7611111111111111,0.7472222222222222,"(0.6815220671967555, 0.812922377247689)",0.8166666666666667,0.6799999999999999,0.7274891774891775,9.784102439880371e-05,"{'C': 50, 'coef0': 0, 'degree': 2, 'gamma': 'scale', 'kernel': 'linear', 'probability': True, 'random_state': 707878}"
dlibCNN,svc,mRMR,0.99,False,Smote,0.8021978021978022,0.7345454545454545,"(0.646294679183047, 0.822796229907862)",0.6395238095238096,0.7849999999999999,0.6928787878787878,0.00014202038447062173,"{'C': 50, 'coef0': 0, 'degree': 2, 'gamma': 0.5, 'kernel': 'rbf', 'probability': True, 'random_state': 707878}"
dlibCNN,svc,mRMR,0.99,False,Borderline,0.8175824175824177,0.6963636363636363,"(0.6251159200655966, 0.767611352661676)",0.585,0.635,0.6019047619047618,0.00016479531923929849,"{'C': 50, 'coef0': 0, 'degree': 2, 'gamma': 10, 'kernel': 'rbf', 'probability': True, 'random_state': 707878}"
dlibCNN,svc,mRMR,0.99,False,KMeans,0.8214285714285715,0.7318181818181818,"(0.6229516849872863, 0.8406846786490774)",0.65,0.5650000000000001,0.5887301587301588,0.00019158442815144858,"{'C': 5, 'coef0': 0, 'degree': 2, 'gamma': 1, 'kernel': 'poly', 'probability': True, 'random_state': 707878}"
dlibCNN,svc,mRMR,0.99,False,SVM,0.832967032967033,0.78,"(0.6776949044514077, 0.8823050955485924)",0.7361904761904762,0.765,0.7326406926406925,0.00014393846193949382,"{'C': 50, 'coef0': 0, 'degree': 2, 'gamma': 'scale', 'kernel': 'rbf', 'probability': True, 'random_state': 707878}"
dlibCNN,svc,mRMR,0.99,False,Tomek,0.8153846153846155,0.7618181818181818,"(0.6801483509782598, 0.8434880126581039)",0.7032539682539681,0.8099999999999999,0.7290276390276389,0.00014343857765197754,"{'C': 50, 'coef0': 0, 'degree': 2, 'gamma': 0.5, 'kernel': 'rbf', 'probability': True, 'random_state': 707878}"
dlibCNN,svc,mRMR,0.99,True,,0.780909090909091,0.7336363636363636,"(0.6495710154032556, 0.8177017118694717)",0.6983333333333334,0.615,0.638968253968254,0.006585729122161865,"{'C': 1, 'coef0': 0, 'degree': 5, 'gamma': 10, 'kernel': 'poly', 'probability': True, 'random_state': 707878}"
dlibCNN,svc,mRMR,0.99,True,Random,0.7833333333333334,0.673611111111111,"(0.5808565396204971, 0.766365682601725)",0.7333333333333334,0.655,0.6700288600288601,9.361028671264648e-05,"{'C': 100, 'coef0': 0, 'degree': 2, 'gamma': 1, 'kernel': 'rbf', 'probability': True, 'random_state': 707878}"
dlibCNN,svc,mRMR,0.99,True,Smote,0.8098901098901099,0.7890909090909091,"(0.7359250820001176, 0.8422567361817005)",0.7038095238095238,0.835,0.7499494949494949,0.0001627059777577718,"{'C': 50, 'coef0': 0, 'degree': 2, 'gamma': 10, 'kernel': 'rbf', 'probability': True, 'random_state': 707878}"
dlibCNN,svc,mRMR,0.99,True,Borderline,0.8027472527472528,0.7436363636363635,"(0.6483705109350462, 0.8389022163376809)",0.6692857142857143,0.7849999999999999,0.7005339105339106,0.00014739195505777996,"{'C': 50, 'coef0': 0, 'degree': 2, 'gamma': 'scale', 'kernel': 'rbf', 'probability': True, 'random_state': 707878}"
dlibCNN,svc,mRMR,0.99,True,KMeans,0.8137362637362637,0.7318181818181818,"(0.6472402012713017, 0.816396162365062)",0.73,0.465,0.5431746031746032,0.00012848059336344398,"{'C': 10, 'coef0': 0, 'degree': 2, 'gamma': 10, 'kernel': 'rbf', 'probability': True, 'random_state': 707878}"
dlibCNN,svc,mRMR,0.99,True,SVM,0.832967032967033,0.78,"(0.6776949044514077, 0.8823050955485924)",0.7361904761904762,0.765,0.7326406926406925,0.00014048695564270022,"{'C': 50, 'coef0': 0, 'degree': 2, 'gamma': 'scale', 'kernel': 'rbf', 'probability': True, 'random_state': 707878}"
dlibCNN,svc,mRMR,0.99,True,Tomek,0.8153846153846155,0.7709090909090909,"(0.6888375368835621, 0.8529806449346197)",0.7182539682539681,0.8099999999999999,0.7373609723609723,0.00014630953470865885,"{'C': 50, 'coef0': 0, 'degree': 2, 'gamma': 5, 'kernel': 'rbf', 'probability': True, 'random_state': 707878}"
dlibCNN,svc,FCBF,0.0,False,,0.7881818181818182,0.7509090909090907,"(0.6607933226481687, 0.8410248591700128)",0.7133333333333333,0.5900000000000001,0.6341269841269842,0.00013764699300130207,"{'C': 50, 'coef0': 0, 'degree': 2, 'gamma': 0.5, 'kernel': 'rbf', 'probability': True, 'random_state': 707878}"
dlibCNN,svc,FCBF,0.0,False,Random,0.7847222222222222,0.673611111111111,"(0.5909866714312717, 0.7562355507909504)",0.6966666666666667,0.705,0.6862193362193361,0.00011788447697957357,"{'C': 5, 'coef0': 0, 'degree': 2, 'gamma': 5, 'kernel': 'rbf', 'probability': True, 'random_state': 707878}"
dlibCNN,svc,FCBF,0.0,False,Smote,0.8324175824175825,0.7354545454545455,"(0.6587295510678636, 0.8121795398412274)",0.6366666666666665,0.735,0.6659523809523809,0.03992304682731628,"{'C': 10, 'coef0': 0, 'degree': 2, 'gamma': 10, 'kernel': 'poly', 'probability': True, 'random_state': 707878}"
dlibCNN,svc,FCBF,0.0,False,Borderline,0.8263736263736264,0.8163636363636364,"(0.7549169277724171, 0.8778103449548557)",0.7871428571428571,0.8,0.7615728715728717,0.017448910077412925,"{'C': 100, 'coef0': 0, 'degree': 5, 'gamma': 'scale', 'kernel': 'poly', 'probability': True, 'random_state': 707878}"
dlibCNN,svc,FCBF,0.0,False,KMeans,0.8423076923076923,0.7709090909090909,"(0.6947773359549543, 0.8470408458632275)",0.7683333333333333,0.665,0.6764285714285714,0.009757508834203083,"{'C': 0.1, 'coef0': 0, 'degree': 5, 'gamma': 0.5, 'kernel': 'poly', 'probability': True, 'random_state': 707878}"
dlibCNN,svc,FCBF,0.0,False,SVM,0.8335164835164836,0.8063636363636364,"(0.7266590949996113, 0.8860681777276614)",0.793809523809524,0.76,0.7343939393939394,0.00468552827835083,"{'C': 0.01, 'coef0': 0, 'degree': 3, 'gamma': 5, 'kernel': 'poly', 'probability': True, 'random_state': 707878}"
dlibCNN,svc,FCBF,0.0,False,Tomek,0.8365384615384615,0.7963636363636363,"(0.7118996142707997, 0.8808276584564728)",0.7066666666666668,0.805,0.7457142857142857,0.020792070229848223,"{'C': 50, 'coef0': 0, 'degree': 3, 'gamma': 0.5, 'kernel': 'poly', 'probability': True, 'random_state': 707878}"
dlibCNN,svc,FCBF,0.0,True,,0.79,0.7063636363636364,"(0.6265412846605892, 0.7861859880666836)",0.7011904761904761,0.515,0.5624025974025975,0.001256410280863444,"{'C': 0.01, 'coef0': 0, 'degree': 5, 'gamma': 5, 'kernel': 'poly', 'probability': True, 'random_state': 707878}"
dlibCNN,svc,FCBF,0.0,True,Random,0.8097222222222221,0.7722222222222223,"(0.6540948128470946, 0.8903496315973499)",0.8416666666666666,0.705,0.7426190476190476,0.00015527804692586262,"{'C': 1, 'coef0': 0, 'degree': 2, 'gamma': 10, 'kernel': 'poly', 'probability': True, 'random_state': 707878}"
dlibCNN,svc,FCBF,0.0,True,Smote,0.8186813186813188,0.7345454545454546,"(0.678960204584488, 0.7901307045064212)",0.6571428571428571,0.6849999999999999,0.6482034632034632,0.018546369075775147,"{'C': 5, 'coef0': 0, 'degree': 3, 'gamma': 10, 'kernel': 'poly', 'probability': True, 'random_state': 707878}"
dlibCNN,svc,FCBF,0.0,True,Borderline,0.8263736263736264,0.8163636363636364,"(0.7549169277724171, 0.8778103449548557)",0.7871428571428571,0.8,0.7615728715728717,0.017458220322926838,"{'C': 100, 'coef0': 0, 'degree': 5, 'gamma': 'scale', 'kernel': 'poly', 'probability': True, 'random_state': 707878}"
dlibCNN,svc,FCBF,0.0,True,KMeans,0.8351648351648352,0.7709090909090909,"(0.6888375368835621, 0.8529806449346197)",0.8127777777777778,0.665,0.677967032967033,0.009999555746714272,"{'C': 50, 'coef0': 0, 'degree': 5, 'gamma': 'scale', 'kernel': 'poly', 'probability': True, 'random_state': 707878}"
dlibCNN,svc,FCBF,0.0,True,SVM,0.8406593406593407,0.8063636363636364,"(0.7266590949996113, 0.8860681777276614)",0.793809523809524,0.76,0.7343939393939394,0.005307841698328654,"{'C': 1, 'coef0': 0, 'degree': 3, 'gamma': 10, 'kernel': 'poly', 'probability': True, 'random_state': 707878}"
dlibCNN,svc,FCBF,0.0,True,Tomek,0.8288461538461538,0.8154545454545454,"(0.7382655459171322, 0.8926435449919586)",0.7766666666666666,0.78,0.7653968253968253,0.007056248585383099,"{'C': 100, 'coef0': 0, 'degree': 5, 'gamma': 1, 'kernel': 'poly', 'probability': True, 'random_state': 707878}"
dlibCNN,svc,FCBF,0.98,False,,0.8072727272727273,0.7236363636363636,"(0.6456510338864783, 0.801621693386249)",0.6616666666666666,0.49000000000000005,0.5364285714285714,0.00012543559074401856,"{'C': 10, 'coef0': 0, 'degree': 2, 'gamma': 'scale', 'kernel': 'poly', 'probability': True, 'random_state': 707878}"
dlibCNN,svc,FCBF,0.98,False,Random,0.7722222222222223,0.7472222222222222,"(0.6403439720009056, 0.8541004724435388)",0.7466666666666667,0.735,0.7296031746031746,0.00043192704518636076,"{'C': 50, 'coef0': 0, 'degree': 2, 'gamma': 1, 'kernel': 'poly', 'probability': True, 'random_state': 707878}"
dlibCNN,svc,FCBF,0.98,False,Smote,0.8093406593406594,0.7709090909090909,"(0.7012215866875441, 0.8405965951306377)",0.6932539682539682,0.8300000000000001,0.7383133533133532,0.00015790462493896483,"{'C': 50, 'coef0': 0, 'degree': 2, 'gamma': 1, 'kernel': 'rbf', 'probability': True, 'random_state': 707878}"
dlibCNN,svc,FCBF,0.98,False,Borderline,0.826923076923077,0.7336363636363636,"(0.6390510872499677, 0.8282216400227596)",0.6349206349206349,0.765,0.6747419247419247,0.022984749873479204,"{'C': 0.1, 'coef0': 0, 'degree': 5, 'gamma': 10, 'kernel': 'poly', 'probability': True, 'random_state': 707878}"
dlibCNN,svc,FCBF,0.98,False,KMeans,0.8131868131868132,0.740909090909091,"(0.6391820013812682, 0.8426361804369137)",0.6599999999999999,0.64,0.6276190476190476,0.00011224309603373209,"{'C': 50, 'coef0': 0, 'degree': 2, 'gamma': 'scale', 'kernel': 'linear', 'probability': True, 'random_state': 707878}"
dlibCNN,svc,FCBF,0.98,False,SVM,0.8192307692307693,0.7345454545454546,"(0.6462946791830471, 0.8227962299078622)",0.6283333333333333,0.7150000000000001,0.661031746031746,0.04935891270637512,"{'C': 10, 'coef0': 0, 'degree': 3, 'gamma': 5, 'kernel': 'poly', 'probability': True, 'random_state': 707878}"
dlibCNN,svc,FCBF,0.98,False,Tomek,0.791025641025641,0.7527272727272727,"(0.666414418298344, 0.8390401271562014)",0.7116666666666667,0.71,0.6861904761904761,0.006783402760823567,"{'C': 0.01, 'coef0': 0, 'degree': 5, 'gamma': 10, 'kernel': 'poly', 'probability': True, 'random_state': 707878}"
dlibCNN,svc,FCBF,0.98,True,,0.7772727272727272,0.78,"(0.7256974620016905, 0.8343025379983096)",0.8099999999999999,0.5900000000000001,0.6666666666666667,0.00017620166142781575,"{'C': 100, 'coef0': 0, 'degree': 2, 'gamma': 5, 'kernel': 'poly', 'probability': True, 'random_state': 707878}"
dlibCNN,svc,FCBF,0.98,True,Random,0.7583333333333333,0.6958333333333334,"(0.5781477319229613, 0.8135189347437055)",0.7183333333333333,0.655,0.6681746031746032,0.00011323769887288412,"{'C': 100, 'coef0': 0, 'degree': 2, 'gamma': 10, 'kernel': 'rbf', 'probability': True, 'random_state': 707878}"
dlibCNN,svc,FCBF,0.98,True,Smote,0.8093406593406594,0.7436363636363637,"(0.6774766829232124, 0.8097960443495149)",0.6682539682539683,0.78,0.6942657342657343,0.00015746355056762694,"{'C': 50, 'coef0': 0, 'degree': 2, 'gamma': 10, 'kernel': 'rbf', 'probability': True, 'random_state': 707878}"
dlibCNN,svc,FCBF,0.98,True,Borderline,0.8093406593406594,0.7154545454545456,"(0.6673700190178151, 0.763539071891276)",0.6188095238095238,0.6900000000000001,0.6253463203463203,0.006162034273147583,"{'C': 100, 'coef0': 0, 'degree': 3, 'gamma': 10, 'kernel': 'poly', 'probability': True, 'random_state': 707878}"
dlibCNN,svc,FCBF,0.98,True,KMeans,0.8060439560439561,0.7418181818181818,"(0.6586999285892147, 0.824936435047149)",0.6504761904761904,0.5900000000000001,0.5908225108225108,0.00011437694231669108,"{'C': 5, 'coef0': 0, 'degree': 2, 'gamma': 10, 'kernel': 'poly', 'probability': True, 'random_state': 707878}"
dlibCNN,svc,FCBF,0.98,True,SVM,0.8049450549450551,0.7245454545454546,"(0.6323753916586258, 0.8167155174322834)",0.6371428571428572,0.7150000000000001,0.6559018759018758,0.04031912326812744,"{'C': 100, 'coef0': 0, 'degree': 5, 'gamma': 10, 'kernel': 'poly', 'probability': True, 'random_state': 707878}"
dlibCNN,svc,FCBF,0.98,True,Tomek,0.7833333333333333,0.7527272727272727,"(0.666414418298344, 0.8390401271562014)",0.7116666666666667,0.71,0.6861904761904761,0.007138935327529907,"{'C': 50, 'coef0': 0, 'degree': 5, 'gamma': 10, 'kernel': 'poly', 'probability': True, 'random_state': 707878}"
dlibCNN,svc,FCBF,0.99,False,,0.7963636363636364,0.7518181818181818,"(0.675609322026529, 0.8280270416098346)",0.7433333333333334,0.5900000000000001,0.6285714285714287,0.001451026201248169,"{'C': 100, 'coef0': 0, 'degree': 3, 'gamma': 'scale', 'kernel': 'poly', 'probability': True, 'random_state': 707878}"
dlibCNN,svc,FCBF,0.99,False,Random,0.7708333333333334,0.7611111111111111,"(0.6379299974643379, 0.8842922247578843)",0.8099999999999999,0.705,0.737936507936508,0.00010126908620198569,"{'C': 50, 'coef0': 0, 'degree': 2, 'gamma': 'scale', 'kernel': 'linear', 'probability': True, 'random_state': 707878}"
dlibCNN,svc,FCBF,0.99,False,Smote,0.8192307692307693,0.7436363636363637,"(0.6774766829232124, 0.8097960443495149)",0.7083333333333333,0.61,0.622857142857143,0.0019830028216044106,"{'C': 1, 'coef0': 0, 'degree': 5, 'gamma': 1, 'kernel': 'poly', 'probability': True, 'random_state': 707878}"
dlibCNN,svc,FCBF,0.99,False,Borderline,0.817032967032967,0.7427272727272728,"(0.6748672727272728, 0.8105872727272728)",0.6449206349206349,0.8099999999999999,0.7019641469641469,0.00016520619392395018,"{'C': 50, 'coef0': 0, 'degree': 2, 'gamma': 1, 'kernel': 'rbf', 'probability': True, 'random_state': 707878}"
dlibCNN,svc,FCBF,0.99,False,KMeans,0.8131868131868132,0.7154545454545456,"(0.6584298354560438, 0.7724792554530473)",0.6283333333333333,0.6849999999999999,0.6426190476190475,0.016052173773447673,"{'C': 100, 'coef0': 0, 'degree': 2, 'gamma': 5, 'kernel': 'poly', 'probability': True, 'random_state': 707878}"
dlibCNN,svc,FCBF,0.99,False,SVM,0.8115384615384615,0.7690909090909092,"(0.6588967622259064, 0.8792850559559119)",0.7458333333333333,0.6900000000000001,0.6954761904761905,0.00013933777809143065,"{'C': 50, 'coef0': 0, 'degree': 2, 'gamma': 'scale', 'kernel': 'linear', 'probability': True, 'random_state': 707878}"
dlibCNN,svc,FCBF,0.99,False,Tomek,0.851923076923077,0.7518181818181818,"(0.6696750982474247, 0.833961265388939)",0.6904761904761905,0.735,0.6889177489177488,0.009237958590189617,"{'C': 0.1, 'coef0': 0, 'degree': 3, 'gamma': 10, 'kernel': 'poly', 'probability': True, 'random_state': 707878}"
dlibCNN,svc,FCBF,0.99,True,,0.889090909090909,0.77,"(0.6984988435856102, 0.8415011564143898)",0.7566666666666666,0.635,0.6667460317460318,0.0031034406026204425,"{'C': 100, 'coef0': 0, 'degree': 3, 'gamma': 5, 'kernel': 'poly', 'probability': True, 'random_state': 707878}"
dlibCNN,svc,FCBF,0.99,True,Random,0.7861111111111111,0.6847222222222222,"(0.589080385005267, 0.7803640594391774)",0.7283333333333333,0.655,0.6761111111111112,8.487184842427572e-05,"{'C': 100, 'coef0': 0, 'degree': 2, 'gamma': 'scale', 'kernel': 'linear', 'probability': True, 'random_state': 707878}"
dlibCNN,svc,FCBF,0.99,True,Smote,0.832967032967033,0.7990909090909091,"(0.7260039666160006, 0.8721778515658175)",0.8166666666666667,0.6849999999999999,0.7221428571428572,0.0013409054279327392,"{'C': 10, 'coef0': 0, 'degree': 5, 'gamma': 5, 'kernel': 'poly', 'probability': True, 'random_state': 707878}"
dlibCNN,svc,FCBF,0.99,True,Borderline,0.8247252747252748,0.7427272727272728,"(0.6748672727272728, 0.8105872727272728)",0.6449206349206349,0.8099999999999999,0.7019641469641469,0.00016602238019307455,"{'C': 50, 'coef0': 0, 'degree': 2, 'gamma': 10, 'kernel': 'rbf', 'probability': True, 'random_state': 707878}"
dlibCNN,svc,FCBF,0.99,True,KMeans,0.8131868131868132,0.7518181818181818,"(0.675609322026529, 0.8280270416098346)",0.7004761904761906,0.64,0.6512987012987013,0.00014053185780843098,"{'C': 5, 'coef0': 0, 'degree': 3, 'gamma': 'scale', 'kernel': 'poly', 'probability': True, 'random_state': 707878}"
dlibCNN,svc,FCBF,0.99,True,SVM,0.8115384615384615,0.7790909090909092,"(0.6955863392352608, 0.8625954789465575)",0.75,0.74,0.7209523809523809,0.00013723691304524737,"{'C': 50, 'coef0': 0, 'degree': 2, 'gamma': 'scale', 'kernel': 'rbf', 'probability': True, 'random_state': 707878}"
dlibCNN,svc,FCBF,0.99,True,Tomek,0.8448717948717949,0.7981818181818181,"(0.7244962515899342, 0.871867384773702)",0.7538095238095238,0.7849999999999999,0.7484415584415584,0.00773534615834554,"{'C': 50, 'coef0': 0, 'degree': 3, 'gamma': 10, 'kernel': 'poly', 'probability': True, 'random_state': 707878}"
dlibCNN,svc,CFS,0.0,False,,0.8145454545454545,0.7681818181818182,"(0.6637202546071579, 0.8726433817564785)",0.705,0.5900000000000001,0.6353174603174604,0.00012848536173502603,"{'C': 50, 'coef0': 0, 'degree': 2, 'gamma': 'scale', 'kernel': 'rbf', 'probability': True, 'random_state': 707878}"
dlibCNN,svc,CFS,0.0,False,Random,0.7722222222222223,0.7333333333333334,"(0.6585760416868258, 0.808090624979841)",0.7883333333333333,0.655,0.7073809523809523,9.556253751118978e-05,"{'C': 0.01, 'coef0': 0, 'degree': 2, 'gamma': 5, 'kernel': 'poly', 'probability': True, 'random_state': 707878}"
dlibCNN,svc,CFS,0.0,False,Smote,0.8554945054945055,0.7509090909090909,"(0.6607933226481688, 0.8410248591700129)",0.6616666666666666,0.755,0.6973809523809524,0.016209399700164794,"{'C': 1, 'coef0': 0, 'degree': 2, 'gamma': 10, 'kernel': 'poly', 'probability': True, 'random_state': 707878}"
dlibCNN,svc,CFS,0.0,False,Borderline,0.8126373626373627,0.7427272727272728,"(0.69052010976602, 0.7949344356885256)",0.6721428571428572,0.73,0.6753463203463204,0.01867977778116862,"{'C': 10, 'coef0': 0, 'degree': 2, 'gamma': 10, 'kernel': 'poly', 'probability': True, 'random_state': 707878}"
dlibCNN,svc,CFS,0.0,False,KMeans,0.8208791208791208,0.7872727272727272,"(0.696326572719062, 0.8782188818263925)",0.7488095238095238,0.6900000000000001,0.6967748917748917,0.00014653682708740237,"{'C': 100, 'coef0': 0, 'degree': 2, 'gamma': 0.1, 'kernel': 'rbf', 'probability': True, 'random_state': 707878}"
dlibCNN,svc,CFS,0.0,False,SVM,0.8401098901098901,0.8254545454545454,"(0.7473728780153658, 0.9035362128937251)",0.7964285714285714,0.835,0.7872294372294373,0.006289525826772055,"{'C': 1, 'coef0': 0, 'degree': 2, 'gamma': 5, 'kernel': 'poly', 'probability': True, 'random_state': 707878}"
dlibCNN,svc,CFS,0.0,False,Tomek,0.8679487179487181,0.7427272727272728,"(0.6748672727272728, 0.8105872727272728)",0.6654761904761904,0.76,0.6889177489177489,0.0158088751633962,"{'C': 1, 'coef0': 0, 'degree': 2, 'gamma': 10, 'kernel': 'poly', 'probability': True, 'random_state': 707878}"
dlibCNN,svc,CFS,0.0,True,,0.8072727272727274,0.8063636363636364,"(0.7327897412222142, 0.8799375315050586)",0.8183333333333334,0.71,0.7196825396825398,0.003858403364817301,"{'C': 5, 'coef0': 0, 'degree': 3, 'gamma': 5, 'kernel': 'poly', 'probability': True, 'random_state': 707878}"
dlibCNN,svc,CFS,0.0,True,Random,0.7847222222222222,0.8069444444444445,"(0.7257661445993459, 0.8881227442895431)",0.9016666666666666,0.705,0.7648412698412699,0.00014699935913085936,"{'C': 5, 'coef0': 0, 'degree': 2, 'gamma': 5, 'kernel': 'poly', 'probability': True, 'random_state': 707878}"
dlibCNN,svc,CFS,0.0,True,Smote,0.856043956043956,0.7336363636363636,"(0.6390510872499677, 0.8282216400227596)",0.6916666666666667,0.6900000000000001,0.6478571428571429,0.03139611601829529,"{'C': 10, 'coef0': 0, 'degree': 3, 'gamma': 10, 'kernel': 'poly', 'probability': True, 'random_state': 707878}"
dlibCNN,svc,CFS,0.0,True,Borderline,0.8126373626373627,0.7618181818181818,"(0.6861196653092508, 0.8375166983271128)",0.6933333333333334,0.73,0.6938095238095239,0.015189457734425862,"{'C': 10, 'coef0': 0, 'degree': 3, 'gamma': 10, 'kernel': 'poly', 'probability': True, 'random_state': 707878}"
dlibCNN,svc,CFS,0.0,True,KMeans,0.8137362637362637,0.769090909090909,"(0.6632464281977742, 0.8749353899840439)",0.73,0.64,0.6679365079365079,0.00032743533452351886,"{'C': 5, 'coef0': 0, 'degree': 2, 'gamma': 5, 'kernel': 'poly', 'probability': True, 'random_state': 707878}"
dlibCNN,svc,CFS,0.0,True,SVM,0.8401098901098901,0.8254545454545454,"(0.7473728780153658, 0.9035362128937251)",0.7964285714285714,0.835,0.7872294372294373,0.007524824937184651,"{'C': 100, 'coef0': 0, 'degree': 2, 'gamma': 5, 'kernel': 'poly', 'probability': True, 'random_state': 707878}"
dlibCNN,svc,CFS,0.0,True,Tomek,0.8602564102564104,0.7790909090909091,"(0.7313988358718312, 0.8267829823099869)",0.6959523809523811,0.805,0.7271212121212121,0.0034512913227081297,"{'C': 50, 'coef0': 0, 'degree': 2, 'gamma': 5, 'kernel': 'poly', 'probability': True, 'random_state': 707878}"
dlibCNN,svc,CFS,0.98,False,,0.8336363636363636,0.7145454545454546,"(0.6045219926448443, 0.8245689164460649)",0.6666666666666666,0.5650000000000001,0.5971428571428571,0.0005239844322204589,"{'C': 10, 'coef0': 0, 'degree': 2, 'gamma': 5, 'kernel': 'poly', 'probability': True, 'random_state': 707878}"
dlibCNN,svc,CFS,0.98,False,Random,0.7833333333333334,0.7486111111111111,"(0.6021159883412033, 0.895106233881019)",0.7699999999999999,0.705,0.726031746031746,9.17049249013265e-05,"{'C': 10, 'coef0': 0, 'degree': 2, 'gamma': 1, 'kernel': 'rbf', 'probability': True, 'random_state': 707878}"
dlibCNN,svc,CFS,0.98,False,Smote,0.8016483516483517,0.7418181818181818,"(0.6586999285892147, 0.824936435047149)",0.665,0.735,0.6846031746031745,0.0001537160078684489,"{'C': 50, 'coef0': 0, 'degree': 2, 'gamma': 1, 'kernel': 'rbf', 'probability': True, 'random_state': 707878}"
dlibCNN,svc,CFS,0.98,False,Borderline,0.8483516483516483,0.78,"(0.7176424703758524, 0.8423575296241477)",0.7254761904761905,0.755,0.7256926406926407,0.005785026550292969,"{'C': 50, 'coef0': 0, 'degree': 2, 'gamma': 10, 'kernel': 'poly', 'probability': True, 'random_state': 707878}"
dlibCNN,svc,CFS,0.98,False,KMeans,0.8263736263736264,0.730909090909091,"(0.614293146037272, 0.8475250357809099)",0.6388095238095237,0.64,0.6247113997113998,0.00012793421745300294,"{'C': 100, 'coef0': 0, 'degree': 2, 'gamma': 'scale', 'kernel': 'linear', 'probability': True, 'random_state': 707878}"
dlibCNN,svc,CFS,0.98,False,SVM,0.8120879120879122,0.760909090909091,"(0.7047143583833786, 0.8171038234348034)",0.6733333333333335,0.76,0.6953174603174602,0.011647590398788451,"{'C': 5, 'coef0': 0, 'degree': 3, 'gamma': 10, 'kernel': 'poly', 'probability': True, 'random_state': 707878}"
dlibCNN,svc,CFS,0.98,False,Tomek,0.8307692307692308,0.7790909090909091,"(0.6901374996309819, 0.8680443185508362)",0.7421428571428572,0.6900000000000001,0.700108225108225,0.00012687643369038902,"{'C': 5, 'coef0': 0, 'degree': 5, 'gamma': 0.5, 'kernel': 'poly', 'probability': True, 'random_state': 707878}"
dlibCNN,svc,CFS,0.98,True,,0.7781818181818181,0.7318181818181818,"(0.641856352906376, 0.8217800107299876)",0.725,0.445,0.534047619047619,0.00011884450912475585,"{'C': 100, 'coef0': 0, 'degree': 2, 'gamma': 1, 'kernel': 'sigmoid', 'probability': True, 'random_state': 707878}"
dlibCNN,svc,CFS,0.98,True,Random,0.7208333333333333,0.7597222222222222,"(0.6299300221757586, 0.8895144222686858)",0.7849999999999999,0.73,0.7454761904761905,9.458581606547037e-05,"{'C': 10, 'coef0': 0, 'degree': 2, 'gamma': 10, 'kernel': 'rbf', 'probability': True, 'random_state': 707878}"
dlibCNN,svc,CFS,0.98,True,Smote,0.8087912087912088,0.7690909090909092,"(0.6884399649135828, 0.8497418532682355)",0.6966666666666667,0.76,0.712936507936508,0.00015795628229777018,"{'C': 50, 'coef0': 0, 'degree': 2, 'gamma': 10, 'kernel': 'rbf', 'probability': True, 'random_state': 707878}"
dlibCNN,svc,CFS,0.98,True,Borderline,0.8346153846153846,0.7709090909090909,"(0.6947773359549543, 0.8470408458632275)",0.7161111111111111,0.78,0.7260622710622711,0.002237143119176229,"{'C': 50, 'coef0': 0, 'degree': 5, 'gamma': 'scale', 'kernel': 'poly', 'probability': True, 'random_state': 707878}"
dlibCNN,svc,CFS,0.98,True,KMeans,0.8126373626373627,0.7781818181818181,"(0.686669143794312, 0.8696944925693242)",0.7383333333333333,0.665,0.6869047619047618,0.00014737606048583987,"{'C': 50, 'coef0': 0, 'degree': 2, 'gamma': 'scale', 'kernel': 'rbf', 'probability': True, 'random_state': 707878}"
dlibCNN,svc,CFS,0.98,True,SVM,0.8181318681318682,0.7781818181818182,"(0.6866691437943121, 0.8696944925693243)",0.7183333333333333,0.765,0.724047619047619,0.0001374518871307373,"{'C': 50, 'coef0': 0, 'degree': 2, 'gamma': 5, 'kernel': 'rbf', 'probability': True, 'random_state': 707878}"
dlibCNN,svc,CFS,0.98,True,Tomek,0.8230769230769232,0.7790909090909091,"(0.6901374996309819, 0.8680443185508362)",0.7421428571428572,0.6900000000000001,0.700108225108225,0.00013168931007385255,"{'C': 0.1, 'coef0': 0, 'degree': 5, 'gamma': 10, 'kernel': 'poly', 'probability': True, 'random_state': 707878}"
dlibCNN,svc,CFS,0.99,False,,0.7781818181818181,0.77,"(0.6863829735990795, 0.8536170264009205)",0.7783333333333333,0.615,0.6578571428571429,0.0006714065869649252,"{'C': 5, 'coef0': 0, 'degree': 3, 'gamma': 1, 'kernel': 'poly', 'probability': True, 'random_state': 707878}"
dlibCNN,svc,CFS,0.99,False,Random,0.7347222222222223,0.7944444444444445,"(0.7408823292398973, 0.8480065596489917)",0.8766666666666666,0.705,0.7665079365079366,0.0001323072115580241,"{'C': 100, 'coef0': 0, 'degree': 2, 'gamma': 'scale', 'kernel': 'linear', 'probability': True, 'random_state': 707878}"
dlibCNN,svc,CFS,0.99,False,Smote,0.7956043956043957,0.6872727272727273,"(0.5878841818462875, 0.786661272699167)",0.6303571428571428,0.6599999999999999,0.61010101010101,0.008357117176055908,"{'C': 50, 'coef0': 0, 'degree': 2, 'gamma': 10, 'kernel': 'poly', 'probability': True, 'random_state': 707878}"
dlibCNN,svc,CFS,0.99,False,Borderline,0.8340659340659341,0.7618181818181818,"(0.6693554703883374, 0.8542808932480263)",0.6849206349206349,0.79,0.7136308136308136,0.006155851682027181,"{'C': 5, 'coef0': 0, 'degree': 2, 'gamma': 10, 'kernel': 'poly', 'probability': True, 'random_state': 707878}"
dlibCNN,svc,CFS,0.99,False,KMeans,0.8423076923076923,0.7336363636363636,"(0.6495710154032556, 0.8177017118694717)",0.7083333333333333,0.5900000000000001,0.6135714285714285,0.0009977054595947266,"{'C': 0.1, 'coef0': 0, 'degree': 5, 'gamma': 1, 'kernel': 'poly', 'probability': True, 'random_state': 707878}"
dlibCNN,svc,CFS,0.99,False,SVM,0.8186813186813187,0.6781818181818182,"(0.583589090909091, 0.7727745454545455)",0.61,0.62,0.5863203463203464,0.02171496351559957,"{'C': 0.01, 'coef0': 0, 'degree': 5, 'gamma': 5, 'kernel': 'poly', 'probability': True, 'random_state': 707878}"
dlibCNN,svc,CFS,0.99,False,Tomek,0.8384615384615385,0.7881818181818182,"(0.7112366830862449, 0.8651269532773915)",0.7288095238095238,0.755,0.7237590187590188,0.014513906637827556,"{'C': 100, 'coef0': 0, 'degree': 5, 'gamma': 0.5, 'kernel': 'poly', 'probability': True, 'random_state': 707878}"
dlibCNN,svc,CFS,0.99,True,,0.769090909090909,0.6690909090909091,"(0.5411034942137339, 0.7970783239680842)",0.5994444444444443,0.54,0.5397130647130648,0.0001152042547861735,"{'C': 100, 'coef0': 0, 'degree': 2, 'gamma': 0.5, 'kernel': 'sigmoid', 'probability': True, 'random_state': 707878}"
dlibCNN,svc,CFS,0.99,True,Random,0.7708333333333334,0.7333333333333334,"(0.6715916119909462, 0.7950750546757206)",0.8466666666666667,0.58,0.6728571428571428,0.00010254224141438803,"{'C': 5, 'coef0': 0, 'degree': 3, 'gamma': 'scale', 'kernel': 'poly', 'probability': True, 'random_state': 707878}"
dlibCNN,svc,CFS,0.99,True,Smote,0.8027472527472528,0.7618181818181818,"(0.686119665309251, 0.8375166983271127)",0.6900000000000001,0.79,0.7117460317460317,0.00018596649169921875,"{'C': 100, 'coef0': 0, 'degree': 2, 'gamma': 10, 'kernel': 'rbf', 'probability': True, 'random_state': 707878}"
dlibCNN,svc,CFS,0.99,True,Borderline,0.8335164835164836,0.760909090909091,"(0.6622393435798486, 0.8595788382383334)",0.7177777777777778,0.74,0.7009035409035409,0.006458998123804728,"{'C': 50, 'coef0': 0, 'degree': 3, 'gamma': 10, 'kernel': 'poly', 'probability': True, 'random_state': 707878}"
dlibCNN,svc,CFS,0.99,True,KMeans,0.828021978021978,0.7709090909090909,"(0.6731602925355504, 0.8686578892826313)",0.7133333333333333,0.74,0.7084126984126985,0.0006239088376363119,"{'C': 100, 'coef0': 0, 'degree': 2, 'gamma': 5, 'kernel': 'poly', 'probability': True, 'random_state': 707878}"
dlibCNN,svc,CFS,0.99,True,SVM,0.8252747252747252,0.6781818181818182,"(0.583589090909091, 0.7727745454545455)",0.61,0.62,0.5863203463203464,0.021914225816726685,"{'C': 5, 'coef0': 0, 'degree': 5, 'gamma': 10, 'kernel': 'poly', 'probability': True, 'random_state': 707878}"
dlibCNN,svc,CFS,0.99,True,Tomek,0.8461538461538461,0.77,"(0.6984988435856102, 0.8415011564143898)",0.7438095238095238,0.6799999999999999,0.6844733044733046,0.01262111743291219,"{'C': 1, 'coef0': 0, 'degree': 5, 'gamma': 10, 'kernel': 'poly', 'probability': True, 'random_state': 707878}"
dlibCNN,svc,RFS,0.0,False,,0.8154545454545454,0.8154545454545454,"(0.7382655459171322, 0.8926435449919586)",0.8404761904761905,0.7150000000000001,0.7308225108225108,0.015949466625849406,"{'C': 1, 'coef0': 0, 'degree': 5, 'gamma': 0.5, 'kernel': 'poly', 'probability': True, 'random_state': 707878}"
dlibCNN,svc,RFS,0.0,False,Random,0.7958333333333334,0.7958333333333334,"(0.6920526072197899, 0.8996140594468769)",0.86,0.73,0.7612698412698413,0.0002460722128550211,"{'C': 100, 'coef0': 0, 'degree': 2, 'gamma': 'scale', 'kernel': 'linear', 'probability': True, 'random_state': 707878}"
dlibCNN,svc,RFS,0.0,False,Smote,0.8489010989010989,0.8263636363636364,"(0.7230235488406611, 0.9297037238866117)",0.8045238095238096,0.8099999999999999,0.7713708513708513,0.02674028635025024,"{'C': 0.1, 'coef0': 0, 'degree': 3, 'gamma': 5, 'kernel': 'poly', 'probability': True, 'random_state': 707878}"
dlibCNN,svc,RFS,0.0,False,Borderline,0.8780219780219781,0.8354545454545456,"(0.755962502690443, 0.9149465882186482)",0.8054761904761903,0.8099999999999999,0.7844733044733043,0.028081309000651044,"{'C': 100, 'coef0': 0, 'degree': 3, 'gamma': 0.5, 'kernel': 'poly', 'probability': True, 'random_state': 707878}"
dlibCNN,svc,RFS,0.0,False,KMeans,0.8565934065934065,0.8063636363636363,"(0.7209674433465106, 0.8917598293807619)",0.8254761904761907,0.7150000000000001,0.7177272727272728,0.022895861069361367,"{'C': 0.1, 'coef0': 0, 'degree': 3, 'gamma': 5, 'kernel': 'poly', 'probability': True, 'random_state': 707878}"
dlibCNN,svc,RFS,0.0,False,SVM,0.847802197802198,0.8154545454545454,"(0.7168800806035448, 0.9140290103055461)",0.8233333333333335,0.74,0.7379365079365079,0.023157409032185876,"{'C': 0.01, 'coef0': 0, 'degree': 3, 'gamma': 10, 'kernel': 'poly', 'probability': True, 'random_state': 707878}"
dlibCNN,svc,RFS,0.0,False,Tomek,0.8903846153846153,0.78,"(0.6776949044514077, 0.8823050955485924)",0.7275,0.76,0.725,0.027510491609573362,"{'C': 0.01, 'coef0': 0, 'degree': 5, 'gamma': 5, 'kernel': 'poly', 'probability': True, 'random_state': 707878}"
dlibCNN,svc,RFS,0.0,True,,0.7881818181818182,0.7881818181818182,"(0.7112366830862449, 0.8651269532773915)",0.8083333333333332,0.64,0.6892857142857143,0.00019604086875915525,"{'C': 50, 'coef0': 0, 'degree': 2, 'gamma': 'scale', 'kernel': 'rbf', 'probability': True, 'random_state': 707878}"
dlibCNN,svc,RFS,0.0,True,Random,0.7958333333333334,0.7958333333333334,"(0.6920526072197899, 0.8996140594468769)",0.86,0.705,0.7446031746031746,0.00022599180539449056,"{'C': 50, 'coef0': 0, 'degree': 3, 'gamma': 1, 'kernel': 'poly', 'probability': True, 'random_state': 707878}"
dlibCNN,svc,RFS,0.0,True,Smote,0.80989010989011,0.78,"(0.7040536160415545, 0.8559463839584456)",0.7033333333333334,0.79,0.7299999999999999,0.00019425908724466956,"{'C': 5, 'coef0': 0, 'degree': 2, 'gamma': 10, 'kernel': 'rbf', 'probability': True, 'random_state': 707878}"
