openCvDNN,randomforestclassifier,None,0.0,False,,0.7427272727272727,0.7427272727272727,"(0.6622016784386417, 0.8232528670159036)",0.6933333333333334,0.64,0.6506349206349207,0.10520554979642231,"{'bootstrap': True, 'class_weight': None, 'criterion': 'gini', 'max_depth': None, 'max_features': 126, 'min_samples_leaf': 20, 'n_estimators': 1500, 'n_jobs': -1, 'random_state': 707878}"
openCvDNN,randomforestclassifier,None,0.0,False,Random,0.6847222222222222,0.6847222222222222,"(0.5802044078256584, 0.7892400366187861)",0.7066666666666668,0.655,0.6696825396825397,0.036875934998194373,"{'bootstrap': True, 'class_weight': None, 'criterion': 'gini', 'max_depth': None, 'max_features': 38, 'min_samples_leaf': 2, 'n_estimators': 500, 'n_jobs': -1, 'random_state': 707878}"
openCvDNN,randomforestclassifier,None,0.0,False,Smote,0.8104395604395606,0.730909090909091,"(0.6103314210605004, 0.8514867607576815)",0.6454761904761905,0.7849999999999999,0.694949494949495,0.0745870848496755,"{'bootstrap': True, 'class_weight': None, 'criterion': 'gini', 'max_depth': None, 'max_features': 58, 'min_samples_leaf': 2, 'n_estimators': 1000, 'n_jobs': -1, 'random_state': 707878}"
openCvDNN,randomforestclassifier,None,0.0,False,Borderline,0.7730769230769232,0.7718181818181818,"(0.690110964924189, 0.8535253987121747)",0.6692857142857143,0.805,0.7226767676767677,0.07365406314531961,"{'bootstrap': True, 'class_weight': None, 'criterion': 'gini', 'max_depth': None, 'max_features': 26, 'min_samples_leaf': 1, 'n_estimators': 1000, 'n_jobs': -1, 'random_state': 707878}"
openCvDNN,randomforestclassifier,None,0.0,False,KMeans,0.7769230769230769,0.7245454545454546,"(0.6629269414692776, 0.7861639676216317)",0.6866666666666666,0.5900000000000001,0.6171428571428571,0.14743676384290058,"{'bootstrap': True, 'class_weight': None, 'criterion': 'gini', 'max_depth': None, 'max_features': 38, 'min_samples_leaf': 2, 'n_estimators': 2000, 'n_jobs': -1, 'random_state': 707878}"
openCvDNN,randomforestclassifier,None,0.0,False,SVM,0.7752747252747253,0.7345454545454546,"(0.6710677743657903, 0.7980231347251189)",0.6588095238095238,0.6599999999999999,0.6422510822510822,0.036627544562021885,"{'bootstrap': True, 'class_weight': None, 'criterion': 'gini', 'max_depth': None, 'max_features': 34, 'min_samples_leaf': 2, 'n_estimators': 500, 'n_jobs': -1, 'random_state': 707878}"
openCvDNN,randomforestclassifier,None,0.0,False,Tomek,0.8288461538461538,0.76,"(0.6688989906525058, 0.8511010093474942)",0.6721428571428572,0.7849999999999999,0.7116161616161616,0.07415648500124614,"{'bootstrap': True, 'class_weight': None, 'criterion': 'gini', 'max_depth': None, 'max_features': 30, 'min_samples_leaf': 1, 'n_estimators': 1000, 'n_jobs': -1, 'random_state': 707878}"
openCvDNN,randomforestclassifier,None,0.0,True,,0.7427272727272727,0.7427272727272727,"(0.6622016784386417, 0.8232528670159036)",0.6933333333333334,0.64,0.6506349206349207,0.10552126447359722,"{'bootstrap': True, 'class_weight': None, 'criterion': 'gini', 'max_depth': None, 'max_features': 126, 'min_samples_leaf': 20, 'n_estimators': 1500, 'n_jobs': -1, 'random_state': 707878}"
openCvDNN,randomforestclassifier,None,0.0,True,Random,0.6847222222222222,0.6847222222222222,"(0.5802044078256584, 0.7892400366187861)",0.7066666666666668,0.655,0.6696825396825397,0.03790934801101684,"{'bootstrap': True, 'class_weight': None, 'criterion': 'gini', 'max_depth': None, 'max_features': 38, 'min_samples_leaf': 2, 'n_estimators': 500, 'n_jobs': -1, 'random_state': 707878}"
openCvDNN,randomforestclassifier,None,0.0,True,Smote,0.8104395604395606,0.730909090909091,"(0.6103314210605004, 0.8514867607576815)",0.6454761904761905,0.7849999999999999,0.694949494949495,0.07447495897610981,"{'bootstrap': True, 'class_weight': None, 'criterion': 'gini', 'max_depth': None, 'max_features': 58, 'min_samples_leaf': 2, 'n_estimators': 1000, 'n_jobs': -1, 'random_state': 707878}"
openCvDNN,randomforestclassifier,None,0.0,True,Borderline,0.7730769230769232,0.7718181818181818,"(0.690110964924189, 0.8535253987121747)",0.6692857142857143,0.805,0.7226767676767677,0.07385413924853006,"{'bootstrap': True, 'class_weight': None, 'criterion': 'gini', 'max_depth': None, 'max_features': 26, 'min_samples_leaf': 1, 'n_estimators': 1000, 'n_jobs': -1, 'random_state': 707878}"
openCvDNN,randomforestclassifier,None,0.0,True,KMeans,0.7769230769230769,0.7145454545454545,"(0.6401997008387708, 0.7888912082521382)",0.667142857142857,0.615,0.6171717171717171,0.07197983384132385,"{'bootstrap': True, 'class_weight': None, 'criterion': 'gini', 'max_depth': None, 'max_features': 62, 'min_samples_leaf': 20, 'n_estimators': 1000, 'n_jobs': -1, 'random_state': 707878}"
openCvDNN,randomforestclassifier,None,0.0,True,SVM,0.7752747252747253,0.7345454545454546,"(0.6710677743657903, 0.7980231347251189)",0.6588095238095238,0.6599999999999999,0.6422510822510822,0.03725075244903564,"{'bootstrap': True, 'class_weight': None, 'criterion': 'gini', 'max_depth': None, 'max_features': 34, 'min_samples_leaf': 2, 'n_estimators': 500, 'n_jobs': -1, 'random_state': 707878}"
openCvDNN,randomforestclassifier,None,0.0,True,Tomek,0.8288461538461538,0.76,"(0.6688989906525058, 0.8511010093474942)",0.6721428571428572,0.7849999999999999,0.7116161616161616,0.07504950920740765,"{'bootstrap': True, 'class_weight': None, 'criterion': 'gini', 'max_depth': None, 'max_features': 30, 'min_samples_leaf': 1, 'n_estimators': 1000, 'n_jobs': -1, 'random_state': 707878}"
openCvDNN,randomforestclassifier,None,0.98,False,,0.7427272727272728,0.7427272727272728,"(0.6821856859275249, 0.8032688595270207)",0.6783333333333333,0.64,0.6454761904761904,0.14211564302444454,"{'bootstrap': True, 'class_weight': None, 'criterion': 'gini', 'max_depth': None, 'max_features': 82, 'min_samples_leaf': 15, 'n_estimators': 2000, 'n_jobs': -1, 'random_state': 707878}"
openCvDNN,randomforestclassifier,None,0.98,False,Random,0.6986111111111111,0.6986111111111111,"(0.5881750852400884, 0.8090471369821337)",0.7366666666666666,0.705,0.6928860028860029,0.036861780484517416,"{'bootstrap': True, 'class_weight': None, 'criterion': 'gini', 'max_depth': None, 'max_features': 54, 'min_samples_leaf': 1, 'n_estimators': 500, 'n_jobs': -1, 'random_state': 707878}"
openCvDNN,randomforestclassifier,None,0.98,False,Smote,0.7961538461538462,0.7509090909090909,"(0.666167390303736, 0.8356507915144458)",0.6421428571428571,0.835,0.716060606060606,0.03710173527399698,"{'bootstrap': True, 'class_weight': None, 'criterion': 'gini', 'max_depth': None, 'max_features': 24, 'min_samples_leaf': 1, 'n_estimators': 500, 'n_jobs': -1, 'random_state': 707878}"
openCvDNN,randomforestclassifier,None,0.98,False,Borderline,0.7956043956043957,0.7518181818181818,"(0.6971491530410212, 0.8064872105953425)",0.673095238095238,0.76,0.6943722943722944,0.10966983795166016,"{'bootstrap': True, 'class_weight': None, 'criterion': 'gini', 'max_depth': None, 'max_features': 14, 'min_samples_leaf': 2, 'n_estimators': 1500, 'n_jobs': -1, 'random_state': 707878}"
openCvDNN,randomforestclassifier,None,0.98,False,KMeans,0.7840659340659341,0.7063636363636364,"(0.6552478427149941, 0.7574794300122787)",0.6421428571428571,0.5650000000000001,0.5786796536796537,0.14742369731267294,"{'bootstrap': True, 'class_weight': None, 'criterion': 'gini', 'max_depth': None, 'max_features': 26, 'min_samples_leaf': 2, 'n_estimators': 2000, 'n_jobs': -1, 'random_state': 707878}"
openCvDNN,randomforestclassifier,None,0.98,False,SVM,0.7879120879120879,0.7518181818181818,"(0.6891412436733856, 0.8144951199629781)",0.6866666666666668,0.665,0.6633333333333333,0.0723004961013794,"{'bootstrap': True, 'class_weight': None, 'criterion': 'gini', 'max_depth': None, 'max_features': 38, 'min_samples_leaf': 10, 'n_estimators': 1000, 'n_jobs': -1, 'random_state': 707878}"
openCvDNN,randomforestclassifier,None,0.98,False,Tomek,0.8230769230769232,0.77,"(0.6809410140867256, 0.8590589859132745)",0.6721428571428572,0.8099999999999999,0.7271717171717171,0.11004481355349223,"{'bootstrap': True, 'class_weight': None, 'criterion': 'gini', 'max_depth': None, 'max_features': 16, 'min_samples_leaf': 1, 'n_estimators': 1500, 'n_jobs': -1, 'random_state': 707878}"
openCvDNN,randomforestclassifier,None,0.98,True,,0.7427272727272728,0.7427272727272728,"(0.6821856859275249, 0.8032688595270207)",0.6783333333333333,0.64,0.6454761904761904,0.14216647346814473,"{'bootstrap': True, 'class_weight': None, 'criterion': 'gini', 'max_depth': None, 'max_features': 82, 'min_samples_leaf': 15, 'n_estimators': 2000, 'n_jobs': -1, 'random_state': 707878}"
openCvDNN,randomforestclassifier,None,0.98,True,Random,0.6986111111111111,0.6986111111111111,"(0.5881750852400884, 0.8090471369821337)",0.7366666666666666,0.705,0.6928860028860029,0.03675209124883016,"{'bootstrap': True, 'class_weight': None, 'criterion': 'gini', 'max_depth': None, 'max_features': 54, 'min_samples_leaf': 1, 'n_estimators': 500, 'n_jobs': -1, 'random_state': 707878}"
openCvDNN,randomforestclassifier,None,0.98,True,Smote,0.7961538461538462,0.7509090909090909,"(0.666167390303736, 0.8356507915144458)",0.6421428571428571,0.835,0.716060606060606,0.03686638991038004,"{'bootstrap': True, 'class_weight': None, 'criterion': 'gini', 'max_depth': None, 'max_features': 24, 'min_samples_leaf': 1, 'n_estimators': 500, 'n_jobs': -1, 'random_state': 707878}"
openCvDNN,randomforestclassifier,None,0.98,True,Borderline,0.7956043956043957,0.7518181818181818,"(0.6971491530410212, 0.8064872105953425)",0.673095238095238,0.76,0.6943722943722944,0.11128631671269737,"{'bootstrap': True, 'class_weight': None, 'criterion': 'gini', 'max_depth': None, 'max_features': 14, 'min_samples_leaf': 2, 'n_estimators': 1500, 'n_jobs': -1, 'random_state': 707878}"
openCvDNN,randomforestclassifier,None,0.98,True,KMeans,0.7912087912087913,0.7427272727272728,"(0.6821856859275249, 0.8032688595270207)",0.7033333333333334,0.615,0.6371428571428571,0.037066286404927574,"{'bootstrap': True, 'class_weight': None, 'criterion': 'gini', 'max_depth': None, 'max_features': 102, 'min_samples_leaf': 5, 'n_estimators': 500, 'n_jobs': -1, 'random_state': 707878}"
openCvDNN,randomforestclassifier,None,0.98,True,SVM,0.7879120879120879,0.7518181818181818,"(0.6891412436733856, 0.8144951199629781)",0.6866666666666668,0.665,0.6633333333333333,0.07251647233963013,"{'bootstrap': True, 'class_weight': None, 'criterion': 'gini', 'max_depth': None, 'max_features': 38, 'min_samples_leaf': 10, 'n_estimators': 1000, 'n_jobs': -1, 'random_state': 707878}"
openCvDNN,randomforestclassifier,None,0.98,True,Tomek,0.8230769230769232,0.77,"(0.6809410140867256, 0.8590589859132745)",0.6721428571428572,0.8099999999999999,0.7271717171717171,0.11087197383244833,"{'bootstrap': True, 'class_weight': None, 'criterion': 'gini', 'max_depth': None, 'max_features': 16, 'min_samples_leaf': 1, 'n_estimators': 1500, 'n_jobs': -1, 'random_state': 707878}"
openCvDNN,randomforestclassifier,None,0.99,False,,0.7518181818181818,0.7518181818181818,"(0.6696750982474247, 0.833961265388939)",0.7000000000000001,0.665,0.6639682539682539,0.03555916508038839,"{'bootstrap': True, 'class_weight': None, 'criterion': 'gini', 'max_depth': None, 'max_features': 48, 'min_samples_leaf': 20, 'n_estimators': 500, 'n_jobs': -1, 'random_state': 707878}"
openCvDNN,randomforestclassifier,None,0.99,False,Random,0.6833333333333333,0.6833333333333333,"(0.5627617130519257, 0.803904953614741)",0.7016666666666667,0.675,0.6746392496392496,0.07118415435155233,"{'bootstrap': True, 'class_weight': None, 'criterion': 'gini', 'max_depth': None, 'max_features': 18, 'min_samples_leaf': 10, 'n_estimators': 1000, 'n_jobs': -1, 'random_state': 707878}"
openCvDNN,randomforestclassifier,None,0.99,False,Smote,0.8104395604395606,0.760909090909091,"(0.672273165334416, 0.849545016483766)",0.675,0.7849999999999999,0.7155555555555555,0.037581501404444384,"{'bootstrap': True, 'class_weight': None, 'criterion': 'gini', 'max_depth': None, 'max_features': 81, 'min_samples_leaf': 1, 'n_estimators': 500, 'n_jobs': -1, 'random_state': 707878}"
openCvDNN,randomforestclassifier,None,0.99,False,Borderline,0.7741758241758242,0.7518181818181818,"(0.6891412436733856, 0.8144951199629781)",0.6709523809523809,0.73,0.6849783549783549,0.0373858122030894,"{'bootstrap': True, 'class_weight': None, 'criterion': 'gini', 'max_depth': None, 'max_features': 54, 'min_samples_leaf': 1, 'n_estimators': 500, 'n_jobs': -1, 'random_state': 707878}"
openCvDNN,randomforestclassifier,None,0.99,False,KMeans,0.7912087912087913,0.7154545454545456,"(0.637538531993133, 0.7933705589159581)",0.6388095238095238,0.665,0.6321717171717172,0.07271498600641886,"{'bootstrap': True, 'class_weight': None, 'criterion': 'gini', 'max_depth': None, 'max_features': 66, 'min_samples_leaf': 20, 'n_estimators': 1000, 'n_jobs': -1, 'random_state': 707878}"
openCvDNN,randomforestclassifier,None,0.99,False,SVM,0.7807692307692308,0.7418181818181818,"(0.6586999285892147, 0.824936435047149)",0.675,0.64,0.6423015873015874,0.1451231034596761,"{'bootstrap': True, 'class_weight': None, 'criterion': 'gini', 'max_depth': None, 'max_features': 51, 'min_samples_leaf': 10, 'n_estimators': 2000, 'n_jobs': -1, 'random_state': 707878}"
openCvDNN,randomforestclassifier,None,0.99,False,Tomek,0.8170329670329671,0.7790909090909091,"(0.6901374996309819, 0.8680443185508362)",0.687142857142857,0.835,0.7421717171717171,0.14862549146016438,"{'bootstrap': True, 'class_weight': None, 'criterion': 'gini', 'max_depth': None, 'max_features': 21, 'min_samples_leaf': 1, 'n_estimators': 2000, 'n_jobs': -1, 'random_state': 707878}"
openCvDNN,randomforestclassifier,None,0.99,True,,0.7518181818181818,0.7518181818181818,"(0.6696750982474247, 0.833961265388939)",0.7000000000000001,0.665,0.6639682539682539,0.03543375174204509,"{'bootstrap': True, 'class_weight': None, 'criterion': 'gini', 'max_depth': None, 'max_features': 48, 'min_samples_leaf': 20, 'n_estimators': 500, 'n_jobs': -1, 'random_state': 707878}"
openCvDNN,randomforestclassifier,None,0.99,True,Random,0.6833333333333333,0.6833333333333333,"(0.5627617130519257, 0.803904953614741)",0.7016666666666667,0.675,0.6746392496392496,0.07047382871309917,"{'bootstrap': True, 'class_weight': None, 'criterion': 'gini', 'max_depth': None, 'max_features': 18, 'min_samples_leaf': 10, 'n_estimators': 1000, 'n_jobs': -1, 'random_state': 707878}"
openCvDNN,randomforestclassifier,None,0.99,True,Smote,0.8104395604395606,0.760909090909091,"(0.672273165334416, 0.849545016483766)",0.675,0.7849999999999999,0.7155555555555555,0.03694986939430237,"{'bootstrap': True, 'class_weight': None, 'criterion': 'gini', 'max_depth': None, 'max_features': 81, 'min_samples_leaf': 1, 'n_estimators': 500, 'n_jobs': -1, 'random_state': 707878}"
openCvDNN,randomforestclassifier,None,0.99,True,Borderline,0.7741758241758242,0.7518181818181818,"(0.6891412436733856, 0.8144951199629781)",0.6709523809523809,0.73,0.6849783549783549,0.037685523033142085,"{'bootstrap': True, 'class_weight': None, 'criterion': 'gini', 'max_depth': None, 'max_features': 54, 'min_samples_leaf': 1, 'n_estimators': 500, 'n_jobs': -1, 'random_state': 707878}"
openCvDNN,randomforestclassifier,None,0.99,True,KMeans,0.7906593406593406,0.7236363636363636,"(0.6456510338864783, 0.801621693386249)",0.6516666666666666,0.615,0.616111111111111,0.14330611467361448,"{'bootstrap': True, 'class_weight': None, 'criterion': 'gini', 'max_depth': None, 'max_features': 138, 'min_samples_leaf': 20, 'n_estimators': 2000, 'n_jobs': -1, 'random_state': 707878}"
openCvDNN,randomforestclassifier,None,0.99,True,SVM,0.7807692307692308,0.7418181818181818,"(0.6586999285892147, 0.824936435047149)",0.675,0.64,0.6423015873015874,0.1459509821732839,"{'bootstrap': True, 'class_weight': None, 'criterion': 'gini', 'max_depth': None, 'max_features': 51, 'min_samples_leaf': 10, 'n_estimators': 2000, 'n_jobs': -1, 'random_state': 707878}"
openCvDNN,randomforestclassifier,None,0.99,True,Tomek,0.8170329670329671,0.7790909090909091,"(0.6901374996309819, 0.8680443185508362)",0.687142857142857,0.835,0.7421717171717171,0.14777300039927163,"{'bootstrap': True, 'class_weight': None, 'criterion': 'gini', 'max_depth': None, 'max_features': 21, 'min_samples_leaf': 1, 'n_estimators': 2000, 'n_jobs': -1, 'random_state': 707878}"
openCvDNN,svc,PCA,0.0,False,,0.7718181818181818,0.7454545454545455,"(0.6494909090909091, 0.8414181818181818)",0.6816666666666666,0.635,0.627936507936508,0.00018229047457377117,"{'C': 1, 'coef0': 0, 'degree': 2, 'gamma': 0.1, 'kernel': 'sigmoid', 'probability': True, 'random_state': 707878}"
openCvDNN,svc,PCA,0.0,False,Random,0.7347222222222223,0.7222222222222222,"(0.646996961738693, 0.7974474827057514)",0.7738095238095238,0.705,0.7150793650793651,0.00016992171605428058,"{'C': 1, 'coef0': 0, 'degree': 2, 'gamma': 0.01, 'kernel': 'rbf', 'probability': True, 'random_state': 707878}"
openCvDNN,svc,PCA,0.0,False,Smote,0.856043956043956,0.7881818181818182,"(0.6998645177791608, 0.8764991185844756)",0.8266666666666665,0.63,0.6817460317460317,0.00020413637161254884,"{'C': 5, 'coef0': 0, 'degree': 3, 'gamma': 'scale', 'kernel': 'poly', 'probability': True, 'random_state': 707878}"
openCvDNN,svc,PCA,0.0,False,Borderline,0.8851648351648352,0.7872727272727273,"(0.7073239230755288, 0.8672215314699259)",0.8216666666666667,0.63,0.6683333333333332,0.00020255645116170248,"{'C': 5, 'coef0': 0, 'degree': 3, 'gamma': 'scale', 'kernel': 'poly', 'probability': True, 'random_state': 707878}"
openCvDNN,svc,PCA,0.0,False,KMeans,0.8131868131868132,,,,,,,"{'C': 5, 'coef0': 0, 'degree': 2, 'gamma': 0.001, 'kernel': 'rbf', 'probability': True, 'random_state': 707878}"
openCvDNN,svc,PCA,0.0,False,SVM,0.7742424242424243,0.7818181818181819,"(0.6792287392862709, 0.8844076243500928)",0.7142857142857142,0.765,0.6973593073593074,0.00021448095639546713,"{'C': 50, 'coef0': 0, 'degree': 2, 'gamma': 0.01, 'kernel': 'rbf', 'probability': True, 'random_state': 707878}"
openCvDNN,svc,PCA,0.0,False,Tomek,0.8780219780219781,0.760909090909091,"(0.6899355768409997, 0.8318826049771822)",0.74,0.655,0.6623809523809523,0.0001983336607615153,"{'C': 0.1, 'coef0': 0, 'degree': 3, 'gamma': 0.1, 'kernel': 'poly', 'probability': True, 'random_state': 707878}"
openCvDNN,svc,PCA,0.0,True,,0.7636363636363637,0.7172727272727274,"(0.593721565708107, 0.8408238888373478)",0.6857142857142857,0.6599999999999999,0.6264718614718615,0.00018107175827026368,"{'C': 1, 'coef0': 0, 'degree': 2, 'gamma': 0.1, 'kernel': 'sigmoid', 'probability': True, 'random_state': 707878}"
openCvDNN,svc,PCA,0.0,True,Random,0.7347222222222223,0.7347222222222223,"(0.6519386597379188, 0.8175057847065258)",0.7988095238095239,0.705,0.7257936507936509,0.00016933759053548177,"{'C': 1, 'coef0': 0, 'degree': 2, 'gamma': 0.01, 'kernel': 'rbf', 'probability': True, 'random_state': 707878}"
openCvDNN,svc,PCA,0.0,True,Smote,0.8780219780219781,0.7790909090909091,"(0.7014164775255074, 0.8567653406563107)",0.7683333333333333,0.6799999999999999,0.689126984126984,0.0002027881145477295,"{'C': 0.1, 'coef0': 0, 'degree': 3, 'gamma': 0.1, 'kernel': 'poly', 'probability': True, 'random_state': 707878}"
openCvDNN,svc,PCA,0.0,True,Borderline,0.8851648351648352,0.8245454545454546,"(0.7388197784974683, 0.9102711305934409)",0.8416666666666666,0.58,0.6610317460317461,0.00020338773727416993,"{'C': 5, 'coef0': 0, 'degree': 3, 'gamma': 'auto', 'kernel': 'poly', 'probability': True, 'random_state': 707878}"
openCvDNN,svc,PCA,0.0,True,KMeans,0.8043956043956044,,,,,,,"{'C': 5, 'coef0': 0, 'degree': 2, 'gamma': 0.01, 'kernel': 'rbf', 'probability': True, 'random_state': 707878}"
openCvDNN,svc,PCA,0.0,True,SVM,0.7742424242424243,0.7727272727272727,"(0.6654366655886919, 0.8800178798658536)",0.7071428571428571,0.765,0.6912987012987013,0.00021358887354532875,"{'C': 50, 'coef0': 0, 'degree': 2, 'gamma': 0.01, 'kernel': 'rbf', 'probability': True, 'random_state': 707878}"
openCvDNN,svc,PCA,0.0,True,Tomek,0.8780219780219781,0.77,"(0.6984988435856102, 0.8415011564143898)",0.7483333333333333,0.6799999999999999,0.6802380952380952,0.00019843022028605143,"{'C': 0.1, 'coef0': 0, 'degree': 3, 'gamma': 0.1, 'kernel': 'poly', 'probability': True, 'random_state': 707878}"
openCvDNN,svc,PCA,0.98,False,,0.7327272727272727,0.7327272727272727,"(0.6799695324389455, 0.7854850130155998)",0.7833333333333333,0.365,0.4847619047619047,0.00017750183741251628,"{'C': 10, 'coef0': 0, 'degree': 2, 'gamma': 0.001, 'kernel': 'rbf', 'probability': True, 'random_state': 707878}"
openCvDNN,svc,PCA,0.98,False,Random,0.7597222222222222,0.7486111111111111,"(0.6172734113987256, 0.8799488108234966)",0.7553571428571428,0.825,0.7671828171828171,0.00015746434529622397,"{'C': 0.1, 'coef0': 0, 'degree': 2, 'gamma': 1, 'kernel': 'sigmoid', 'probability': True, 'random_state': 707878}"
openCvDNN,svc,PCA,0.98,False,Smote,0.8697802197802197,0.8063636363636363,"(0.7156321332922841, 0.8970951394349884)",0.775,0.605,0.6781746031746032,0.00017782688140869138,"{'C': 1, 'coef0': 0, 'degree': 3, 'gamma': 0.1, 'kernel': 'poly', 'probability': True, 'random_state': 707878}"
openCvDNN,svc,PCA,0.98,False,Borderline,0.862087912087912,0.8054545454545454,"(0.6896066435163961, 0.9213024473926947)",0.7833333333333333,0.7,0.7128571428571429,0.0001830975214640299,"{'C': 50, 'coef0': 0, 'degree': 3, 'gamma': 'auto', 'kernel': 'poly', 'probability': True, 'random_state': 707878}"
openCvDNN,svc,PCA,0.98,False,SVM,0.8203296703296704,0.769090909090909,"(0.6944927929690818, 0.8436890252127363)",0.7833333333333333,0.45999999999999996,0.5673809523809524,0.00017294605573018394,"{'C': 0.01, 'coef0': 0, 'degree': 3, 'gamma': 1, 'kernel': 'poly', 'probability': True, 'random_state': 707878}"
openCvDNN,svc,PCA,0.98,False,Tomek,0.8741758241758241,0.8154545454545454,"(0.7446135560358609, 0.88629553487323)",0.8083333333333332,0.58,0.6686507936507937,0.00017780343691507975,"{'C': 10, 'coef0': 0, 'degree': 3, 'gamma': 'auto', 'kernel': 'poly', 'probability': True, 'random_state': 707878}"
openCvDNN,svc,PCA,0.98,True,,0.7327272727272727,0.7327272727272727,"(0.6799695324389455, 0.7854850130155998)",0.7833333333333333,0.365,0.4847619047619047,0.00020975351333618166,"{'C': 10, 'coef0': 0, 'degree': 2, 'gamma': 0.001, 'kernel': 'rbf', 'probability': True, 'random_state': 707878}"
openCvDNN,svc,PCA,0.98,True,Random,0.7597222222222222,0.7486111111111111,"(0.6172734113987256, 0.8799488108234966)",0.7553571428571428,0.825,0.7671828171828171,0.00016584436098734538,"{'C': 0.1, 'coef0': 0, 'degree': 2, 'gamma': 1, 'kernel': 'sigmoid', 'probability': True, 'random_state': 707878}"
openCvDNN,svc,PCA,0.98,True,Smote,0.8697802197802197,0.8063636363636363,"(0.7156321332922841, 0.8970951394349884)",0.775,0.605,0.6781746031746032,0.00018266757329305012,"{'C': 1, 'coef0': 0, 'degree': 3, 'gamma': 0.1, 'kernel': 'poly', 'probability': True, 'random_state': 707878}"
openCvDNN,svc,PCA,0.98,True,Borderline,0.862087912087912,0.8054545454545454,"(0.6896066435163961, 0.9213024473926947)",0.7833333333333333,0.7,0.7128571428571429,0.00016762216885884602,"{'C': 50, 'coef0': 0, 'degree': 3, 'gamma': 'auto', 'kernel': 'poly', 'probability': True, 'random_state': 707878}"
openCvDNN,svc,PCA,0.98,True,SVM,0.8203296703296704,0.769090909090909,"(0.6944927929690818, 0.8436890252127363)",0.7833333333333333,0.45999999999999996,0.5673809523809524,0.00017392357190450036,"{'C': 0.01, 'coef0': 0, 'degree': 3, 'gamma': 1, 'kernel': 'poly', 'probability': True, 'random_state': 707878}"
openCvDNN,svc,PCA,0.98,True,Tomek,0.8741758241758241,0.8154545454545454,"(0.7382655459171322, 0.8926435449919586)",0.775,0.605,0.6781746031746032,0.00017976482709248864,"{'C': 10, 'coef0': 0, 'degree': 3, 'gamma': 'scale', 'kernel': 'poly', 'probability': True, 'random_state': 707878}"
openCvDNN,svc,PCA,0.99,False,,0.7618181818181818,0.7618181818181818,"(0.6693554703883374, 0.8542808932480263)",0.6821428571428572,0.71,0.6806637806637806,0.0002460920810699463,"{'C': 1, 'coef0': 0, 'degree': 2, 'gamma': 'scale', 'kernel': 'linear', 'probability': True, 'random_state': 707878}"
openCvDNN,svc,PCA,0.99,False,Random,0.736111111111111,0.736111111111111,"(0.6315985431977168, 0.8406236790245053)",0.7470238095238095,0.8,0.7493256743256743,0.00017059683799743654,"{'C': 5, 'coef0': 0, 'degree': 2, 'gamma': 'auto', 'kernel': 'rbf', 'probability': True, 'random_state': 707878}"
openCvDNN,svc,PCA,0.99,False,Smote,0.8626373626373626,0.7963636363636363,"(0.7176586482095773, 0.8750686245176953)",0.7833333333333333,0.63,0.6807936507936507,0.00018876830736796064,"{'C': 10, 'coef0': 0, 'degree': 3, 'gamma': 'scale', 'kernel': 'poly', 'probability': True, 'random_state': 707878}"
openCvDNN,svc,PCA,0.99,False,Borderline,0.8554945054945055,0.8227272727272726,"(0.725245610539916, 0.9202089349146293)",0.8416666666666666,0.6,0.6892857142857143,0.0001905711491902669,"{'C': 0.01, 'coef0': 0, 'degree': 5, 'gamma': 0.5, 'kernel': 'poly', 'probability': True, 'random_state': 707878}"
openCvDNN,svc,PCA,0.99,False,SVM,0.8098901098901099,0.7618181818181818,"(0.6997627737853948, 0.8238735898509689)",0.6859523809523809,0.735,0.6810101010101011,0.0002533288796742757,"{'C': 1, 'coef0': 0, 'degree': 2, 'gamma': 'scale', 'kernel': 'linear', 'probability': True, 'random_state': 707878}"
openCvDNN,svc,PCA,0.99,False,Tomek,0.8626373626373626,0.7963636363636363,"(0.7176586482095773, 0.8750686245176953)",0.7833333333333333,0.63,0.6807936507936507,0.00018423159917195636,"{'C': 10, 'coef0': 0, 'degree': 3, 'gamma': 'scale', 'kernel': 'poly', 'probability': True, 'random_state': 707878}"
openCvDNN,svc,PCA,0.99,True,,0.7618181818181818,0.7618181818181818,"(0.6693554703883374, 0.8542808932480263)",0.6821428571428572,0.71,0.6806637806637806,0.00024596333503723144,"{'C': 1, 'coef0': 0, 'degree': 2, 'gamma': 'scale', 'kernel': 'linear', 'probability': True, 'random_state': 707878}"
openCvDNN,svc,PCA,0.99,True,Random,0.736111111111111,0.736111111111111,"(0.6315985431977168, 0.8406236790245053)",0.7470238095238095,0.8,0.7493256743256743,0.00016951481501261393,"{'C': 5, 'coef0': 0, 'degree': 2, 'gamma': 'auto', 'kernel': 'rbf', 'probability': True, 'random_state': 707878}"
openCvDNN,svc,PCA,0.99,True,Smote,0.8626373626373626,0.7963636363636363,"(0.7176586482095773, 0.8750686245176953)",0.7833333333333333,0.63,0.6807936507936507,0.00018976926803588866,"{'C': 10, 'coef0': 0, 'degree': 3, 'gamma': 'scale', 'kernel': 'poly', 'probability': True, 'random_state': 707878}"
openCvDNN,svc,PCA,0.99,True,Borderline,0.8554945054945055,0.8327272727272728,"(0.7530728535204669, 0.9123816919340786)",0.8416666666666666,0.6,0.6892857142857143,0.0001936185359954834,"{'C': 0.01, 'coef0': 0, 'degree': 5, 'gamma': 0.5, 'kernel': 'poly', 'probability': True, 'random_state': 707878}"
openCvDNN,svc,PCA,0.99,True,SVM,0.8098901098901099,0.7618181818181818,"(0.6801483509782598, 0.8434880126581039)",0.6742857142857142,0.735,0.6734704184704186,0.000256652037302653,"{'C': 1, 'coef0': 0, 'degree': 2, 'gamma': 'scale', 'kernel': 'linear', 'probability': True, 'random_state': 707878}"
openCvDNN,svc,PCA,0.99,True,Tomek,0.8626373626373626,0.7963636363636363,"(0.7176586482095773, 0.8750686245176953)",0.7833333333333333,0.63,0.6807936507936507,0.00018351912498474121,"{'C': 10, 'coef0': 0, 'degree': 3, 'gamma': 'scale', 'kernel': 'poly', 'probability': True, 'random_state': 707878}"
openCvDNN,svc,mRMR,0.0,False,,0.7863636363636364,0.76,"(0.6926159482291406, 0.8273840517708594)",0.7350000000000001,0.5900000000000001,0.6416666666666666,0.0005768422285715739,"{'C': 0.01, 'coef0': 0, 'degree': 2, 'gamma': 5, 'kernel': 'poly', 'probability': True, 'random_state': 707878}"
openCvDNN,svc,mRMR,0.0,False,Random,0.7486111111111111,0.6708333333333334,"(0.5614951083340787, 0.7801715583325881)",0.7699999999999999,0.58,0.6268253968253968,0.00023382027943929037,"{'C': 50, 'coef0': 0, 'degree': 2, 'gamma': 'scale', 'kernel': 'linear', 'probability': True, 'random_state': 707878}"
openCvDNN,svc,mRMR,0.0,False,Smote,0.8395604395604396,0.7318181818181817,"(0.6031698492558264, 0.860466514380537)",0.6404761904761905,0.7,0.6604617604617604,0.012960364818572998,"{'C': 1, 'coef0': 0, 'degree': 3, 'gamma': 0.5, 'kernel': 'poly', 'probability': True, 'random_state': 707878}"
openCvDNN,svc,mRMR,0.0,False,Borderline,0.8016483516483517,0.78,"(0.6981003717704883, 0.8618996282295117)",0.7154761904761905,0.76,0.7222510822510821,0.009357189337412516,"{'C': 50, 'coef0': 0, 'degree': 2, 'gamma': 0.5, 'kernel': 'poly', 'probability': True, 'random_state': 707878}"
openCvDNN,svc,mRMR,0.0,False,KMeans,0.826923076923077,0.7236363636363636,"(0.6456510338864783, 0.801621693386249)",0.6583333333333333,0.61,0.6277777777777778,0.0008853427569071452,"{'C': 50, 'coef0': 0, 'degree': 2, 'gamma': 0.1, 'kernel': 'poly', 'probability': True, 'random_state': 707878}"
openCvDNN,svc,mRMR,0.0,False,SVM,0.8406593406593407,0.7618181818181818,"(0.6926042415035003, 0.8310321221328634)",0.7671428571428571,0.6599999999999999,0.6691558441558441,0.006698583761850993,"{'C': 50, 'coef0': 0, 'degree': 3, 'gamma': 0.1, 'kernel': 'poly', 'probability': True, 'random_state': 707878}"
openCvDNN,svc,mRMR,0.0,False,Tomek,0.8564102564102564,0.77,"(0.6709500393365145, 0.8690499606634855)",0.7,0.6900000000000001,0.6801587301587302,0.00016295433044433591,"{'C': 5, 'coef0': 0, 'degree': 2, 'gamma': 5, 'kernel': 'rbf', 'probability': True, 'random_state': 707878}"
openCvDNN,svc,mRMR,0.0,True,,0.76,0.6963636363636363,"(0.6129632238153573, 0.7797640489119153)",0.6666666666666666,0.485,0.545952380952381,0.00012502590815226237,"{'C': 100, 'coef0': 0, 'degree': 2, 'gamma': 'scale', 'kernel': 'rbf', 'probability': True, 'random_state': 707878}"
openCvDNN,svc,mRMR,0.0,True,Random,0.7222222222222222,0.6833333333333333,"(0.6010347246716171, 0.7656319419950496)",0.7883333333333333,0.58,0.6383333333333334,0.00010167241096496583,"{'C': 5, 'coef0': 0, 'degree': 3, 'gamma': 'scale', 'kernel': 'poly', 'probability': True, 'random_state': 707878}"
openCvDNN,svc,mRMR,0.0,True,Smote,0.8395604395604396,0.7500000000000001,"(0.6300454545454547, 0.8699545454545455)",0.6721428571428572,0.73,0.6912193362193363,0.013785635630289714,"{'C': 50, 'coef0': 0, 'degree': 3, 'gamma': 5, 'kernel': 'poly', 'probability': True, 'random_state': 707878}"
openCvDNN,svc,mRMR,0.0,True,Borderline,0.7653846153846153,0.7618181818181818,"(0.6551952921168402, 0.8684410715195234)",0.6792857142857143,0.7849999999999999,0.7165656565656566,0.008195066849390666,"{'C': 100, 'coef0': 0, 'degree': 2, 'gamma': 10, 'kernel': 'poly', 'probability': True, 'random_state': 707878}"
openCvDNN,svc,mRMR,0.0,True,KMeans,0.8043956043956044,0.7054545454545454,"(0.6356054155712424, 0.7753036753378485)",0.635,0.5650000000000001,0.5916666666666666,0.0007143608729044597,"{'C': 5, 'coef0': 0, 'degree': 2, 'gamma': 10, 'kernel': 'poly', 'probability': True, 'random_state': 707878}"
openCvDNN,svc,mRMR,0.0,True,SVM,0.8329670329670329,0.7245454545454545,"(0.6492046761498459, 0.7998862329410631)",0.6333333333333334,0.5599999999999999,0.5794444444444444,0.0038541070620218914,"{'C': 1, 'coef0': 0, 'degree': 3, 'gamma': 10, 'kernel': 'poly', 'probability': True, 'random_state': 707878}"
openCvDNN,svc,mRMR,0.0,True,Tomek,0.8243589743589743,0.7972727272727272,"(0.7048989846438138, 0.8896464699016406)",0.7059523809523809,0.86,0.7643434343434343,0.02129165252049764,"{'C': 10, 'coef0': 0, 'degree': 3, 'gamma': 10, 'kernel': 'poly', 'probability': True, 'random_state': 707878}"
openCvDNN,svc,mRMR,0.98,False,,0.8072727272727273,0.7145454545454546,"(0.6468136656539283, 0.7822772434369809)",0.6433333333333333,0.5349999999999999,0.575,0.0038154864311218265,"{'C': 5, 'coef0': 0, 'degree': 3, 'gamma': 0.5, 'kernel': 'poly', 'probability': True, 'random_state': 707878}"
openCvDNN,svc,mRMR,0.98,False,Random,0.7472222222222222,0.7208333333333334,"(0.6546923164629048, 0.786974350203762)",0.8216666666666667,0.605,0.6711904761904762,0.00010296026865641277,"{'C': 5, 'coef0': 0, 'degree': 2, 'gamma': 0.5, 'kernel': 'poly', 'probability': True, 'random_state': 707878}"
openCvDNN,svc,mRMR,0.98,False,Smote,0.8247252747252748,0.6700000000000002,"(0.5727692935452697, 0.7672307064547306)",0.5578571428571428,0.635,0.5772438672438671,0.022183236281077066,"{'C': 1, 'coef0': 0, 'degree': 5, 'gamma': 0.5, 'kernel': 'poly', 'probability': True, 'random_state': 707878}"
openCvDNN,svc,mRMR,0.98,False,Borderline,0.8087912087912088,0.77,"(0.733208263189669, 0.806791736810331)",0.6773809523809524,0.775,0.7052164502164502,0.006483645439147949,"{'C': 1, 'coef0': 0, 'degree': 2, 'gamma': 5, 'kernel': 'poly', 'probability': True, 'random_state': 707878}"
openCvDNN,svc,mRMR,0.98,False,KMeans,0.8126373626373627,0.6854545454545455,"(0.5796100645614106, 0.7912990263476805)",0.6016666666666667,0.54,0.5630952380952381,0.00020049254099527994,"{'C': 0.01, 'coef0': 0, 'degree': 2, 'gamma': 10, 'kernel': 'poly', 'probability': True, 'random_state': 707878}"
openCvDNN,svc,mRMR,0.98,False,SVM,0.7884615384615384,0.6781818181818181,"(0.5941080867471104, 0.7622555496165259)",0.6166666666666667,0.595,0.5758730158730159,0.0005105253060658772,"{'C': 100, 'coef0': 0, 'degree': 5, 'gamma': 0.1, 'kernel': 'poly', 'probability': True, 'random_state': 707878}"
openCvDNN,svc,mRMR,0.98,False,Tomek,0.7903846153846155,0.8054545454545454,"(0.7172357199304006, 0.8936733709786903)",0.7283333333333333,0.8300000000000001,0.7662698412698413,0.006459233760833741,"{'C': 0.01, 'coef0': 0, 'degree': 3, 'gamma': 10, 'kernel': 'poly', 'probability': True, 'random_state': 707878}"
openCvDNN,svc,mRMR,0.98,True,,0.7418181818181818,0.6681818181818182,"(0.5619363636363637, 0.7744272727272727)",0.5816666666666667,0.54,0.5303968253968254,0.00010214567184448242,"{'C': 100, 'coef0': 0, 'degree': 2, 'gamma': 0.5, 'kernel': 'sigmoid', 'probability': True, 'random_state': 707878}"
openCvDNN,svc,mRMR,0.98,True,Random,0.7097222222222223,0.6847222222222222,"(0.5802044078256584, 0.7892400366187861)",0.740952380952381,0.675,0.6731168831168832,8.506298065185548e-05,"{'C': 100, 'coef0': 0, 'degree': 2, 'gamma': 1, 'kernel': 'sigmoid', 'probability': True, 'random_state': 707878}"
openCvDNN,svc,mRMR,0.98,True,Smote,0.8247252747252748,0.6790909090909092,"(0.5767743326485945, 0.7814074855332239)",0.5728571428571428,0.635,0.5855772005772005,0.022541893323262535,"{'C': 5, 'coef0': 0, 'degree': 5, 'gamma': 10, 'kernel': 'poly', 'probability': True, 'random_state': 707878}"
openCvDNN,svc,mRMR,0.98,True,Borderline,0.8098901098901099,0.7336363636363636,"(0.6761194156777025, 0.7911533115950248)",0.6483333333333333,0.705,0.6585209235209235,0.004314728180567424,"{'C': 100, 'coef0': 0, 'degree': 2, 'gamma': 10, 'kernel': 'poly', 'probability': True, 'random_state': 707878}"
openCvDNN,svc,mRMR,0.98,True,KMeans,0.8203296703296704,0.7145454545454546,"(0.6284833674818, 0.8006075416091092)",0.5916666666666667,0.42000000000000004,0.48452380952380947,0.00011998931566874186,"{'C': 100, 'coef0': 0, 'degree': 2, 'gamma': 0.5, 'kernel': 'sigmoid', 'probability': True, 'random_state': 707878}"
openCvDNN,svc,mRMR,0.98,True,SVM,0.7813186813186814,0.6790909090909091,"(0.5864124861471686, 0.7717693320346496)",0.6199999999999999,0.595,0.5814285714285715,0.0006611637274424234,"{'C': 5, 'coef0': 0, 'degree': 5, 'gamma': 5, 'kernel': 'poly', 'probability': True, 'random_state': 707878}"
openCvDNN,svc,mRMR,0.98,True,Tomek,0.7891025641025642,0.7890909090909091,"(0.7359250820001176, 0.8422567361817005)",0.7888095238095237,0.6849999999999999,0.6944733044733045,0.0019505858421325684,"{'C': 5, 'coef0': 0, 'degree': 5, 'gamma': 5, 'kernel': 'poly', 'probability': True, 'random_state': 707878}"
openCvDNN,svc,mRMR,0.99,False,,0.7518181818181818,0.39545454545454545,"(0.31143392175648205, 0.47947516915260885)",0.15666666666666668,0.175,0.16158730158730158,9.404222170511883e-05,"{'C': 50, 'coef0': 0, 'degree': 2, 'gamma': 'auto', 'kernel': 'sigmoid', 'probability': True, 'random_state': 707878}"
openCvDNN,svc,mRMR,0.99,False,Random,0.7444444444444445,0.675,"(0.5559478277299309, 0.7940521722700692)",0.7583333333333333,0.58,0.632965367965368,9.755055109659831e-05,"{'C': 10, 'coef0': 0, 'degree': 2, 'gamma': 'scale', 'kernel': 'linear', 'probability': True, 'random_state': 707878}"
openCvDNN,svc,mRMR,0.99,False,Smote,0.7901098901098901,0.7154545454545456,"(0.6784082795850138, 0.7525008113240773)",0.6359523809523809,0.76,0.6625974025974024,0.009614508152008056,"{'C': 0.01, 'coef0': 0, 'degree': 3, 'gamma': 5, 'kernel': 'poly', 'probability': True, 'random_state': 707878}"
openCvDNN,svc,mRMR,0.99,False,Borderline,0.7950549450549451,0.7618181818181818,"(0.664406432666823, 0.8592299309695407)",0.7150000000000001,0.735,0.7046031746031745,0.01711368044217428,"{'C': 0.01, 'coef0': 0, 'degree': 5, 'gamma': 1, 'kernel': 'poly', 'probability': True, 'random_state': 707878}"
openCvDNN,svc,mRMR,0.99,False,KMeans,0.8197802197802199,0.7154545454545456,"(0.6673700190178151, 0.763539071891276)",0.7083333333333333,0.5349999999999999,0.5642857142857143,0.0006646788120269775,"{'C': 100, 'coef0': 0, 'degree': 2, 'gamma': 'scale', 'kernel': 'linear', 'probability': True, 'random_state': 707878}"
openCvDNN,svc,mRMR,0.99,False,SVM,0.7906593406593407,0.77,"(0.7221112981457082, 0.8178887018542919)",0.7626190476190475,0.6799999999999999,0.6737878787878788,0.000138783057530721,"{'C': 1, 'coef0': 0, 'degree': 2, 'gamma': 10, 'kernel': 'rbf', 'probability': True, 'random_state': 707878}"
openCvDNN,svc,mRMR,0.99,False,Tomek,0.8730769230769232,0.6790909090909091,"(0.567969023080937, 0.7902127951008812)",0.575,0.6599999999999999,0.6001587301587301,0.028834173679351805,"{'C': 5, 'coef0': 0, 'degree': 2, 'gamma': 10, 'kernel': 'poly', 'probability': True, 'random_state': 707878}"
openCvDNN,svc,mRMR,0.99,True,,0.7790909090909092,0.7518181818181818,"(0.6971491530410212, 0.8064872105953425)",0.775,0.54,0.6126190476190477,0.0001133120059967041,"{'C': 100, 'coef0': 0, 'degree': 2, 'gamma': 0.5, 'kernel': 'sigmoid', 'probability': True, 'random_state': 707878}"
openCvDNN,svc,mRMR,0.99,True,Random,0.7583333333333333,0.7472222222222222,"(0.6585106932625071, 0.8359337511819374)",0.8266666666666665,0.6799999999999999,0.7222510822510821,0.00017328580220540363,"{'C': 5, 'coef0': 0, 'degree': 2, 'gamma': 10, 'kernel': 'poly', 'probability': True, 'random_state': 707878}"
openCvDNN,svc,mRMR,0.99,True,Smote,0.7972527472527473,0.7254545454545455,"(0.6841221479000447, 0.7667869430090463)",0.6576190476190475,0.76,0.6575974025974025,0.012445618708928425,"{'C': 100, 'coef0': 0, 'degree': 3, 'gamma': 10, 'kernel': 'poly', 'probability': True, 'random_state': 707878}"
openCvDNN,svc,mRMR,0.99,True,Borderline,0.7950549450549451,0.7618181818181818,"(0.664406432666823, 0.8592299309695407)",0.7150000000000001,0.735,0.7046031746031745,0.018592791159947712,"{'C': 100, 'coef0': 0, 'degree': 5, 'gamma': 5, 'kernel': 'poly', 'probability': True, 'random_state': 707878}"
openCvDNN,svc,mRMR,0.99,True,KMeans,0.8,0.7145454545454546,"(0.6625050520594141, 0.7665858570314951)",0.625,0.465,0.5273809523809524,0.0001386777559916178,"{'C': 1, 'coef0': 0, 'degree': 2, 'gamma': 10, 'kernel': 'poly', 'probability': True, 'random_state': 707878}"
openCvDNN,svc,mRMR,0.99,True,SVM,0.7527472527472528,0.6954545454545455,"(0.6142780878284131, 0.776631003080678)",0.6333333333333333,0.42000000000000004,0.49000000000000005,0.0001064300537109375,"{'C': 0.1, 'coef0': 0, 'degree': 5, 'gamma': 'scale', 'kernel': 'poly', 'probability': True, 'random_state': 707878}"
openCvDNN,svc,mRMR,0.99,True,Tomek,0.821978021978022,0.6872727272727273,"(0.5978373247385725, 0.776708129806882)",0.5821428571428571,0.6849999999999999,0.6205050505050506,0.012239720821380615,"{'C': 1, 'coef0': 0, 'degree': 5, 'gamma': 10, 'kernel': 'poly', 'probability': True, 'random_state': 707878}"
openCvDNN,svc,FCBF,0.0,False,,0.7872727272727272,0.7509090909090909,"(0.6848631355584275, 0.8169550462597542)",0.7016666666666665,0.6599999999999999,0.6533333333333332,0.0003253300984700521,"{'C': 50, 'coef0': 0, 'degree': 2, 'gamma': 'scale', 'kernel': 'linear', 'probability': True, 'random_state': 707878}"
openCvDNN,svc,FCBF,0.0,False,Random,0.7208333333333334,0.6847222222222222,"(0.5378084770305808, 0.8316359674138637)",0.6964285714285714,0.675,0.6765873015873015,9.888092676798503e-05,"{'C': 5, 'coef0': 0, 'degree': 2, 'gamma': 0.5, 'kernel': 'rbf', 'probability': True, 'random_state': 707878}"
openCvDNN,svc,FCBF,0.0,False,Smote,0.810989010989011,0.759090909090909,"(0.6383555284075305, 0.8798262897742876)",0.6583333333333334,0.76,0.6950000000000001,0.019372725884119667,"{'C': 1, 'coef0': 0, 'degree': 2, 'gamma': 5, 'kernel': 'poly', 'probability': True, 'random_state': 707878}"
openCvDNN,svc,FCBF,0.0,False,Borderline,0.8247252747252747,0.7618181818181818,"(0.6693554703883374, 0.8542808932480263)",0.6916666666666667,0.71,0.681904761904762,0.01851608435312907,"{'C': 0.1, 'coef0': 0, 'degree': 2, 'gamma': 10, 'kernel': 'poly', 'probability': True, 'random_state': 707878}"
openCvDNN,svc,FCBF,0.0,False,KMeans,0.8274725274725275,0.77,"(0.6863829735990795, 0.8536170264009205)",0.7566666666666666,0.71,0.6930663780663782,0.011763826608657837,"{'C': 0.1, 'coef0': 0, 'degree': 2, 'gamma': 10, 'kernel': 'poly', 'probability': True, 'random_state': 707878}"
openCvDNN,svc,FCBF,0.0,False,SVM,0.8192307692307693,0.6872727272727273,"(0.6090467757546467, 0.7654986787908078)",0.6266666666666667,0.465,0.5206349206349206,0.0001722411314646403,"{'C': 5, 'coef0': 0, 'degree': 2, 'gamma': 5, 'kernel': 'rbf', 'probability': True, 'random_state': 707878}"
openCvDNN,svc,FCBF,0.0,False,Tomek,0.8378205128205127,0.7890909090909091,"(0.6828653567027699, 0.8953164614790482)",0.78,0.495,0.566984126984127,0.00017307241757710774,"{'C': 1, 'coef0': 0, 'degree': 2, 'gamma': 10, 'kernel': 'rbf', 'probability': True, 'random_state': 707878}"
openCvDNN,svc,FCBF,0.0,True,,0.760909090909091,0.7145454545454546,"(0.6468136656539283, 0.7822772434369809)",0.6666666666666667,0.39,0.48047619047619045,0.00011532346407572428,"{'C': 50, 'coef0': 0, 'degree': 2, 'gamma': 0.5, 'kernel': 'poly', 'probability': True, 'random_state': 707878}"
openCvDNN,svc,FCBF,0.0,True,Random,0.7569444444444444,0.6958333333333334,"(0.6137148166679613, 0.7779518499987055)",0.8216666666666667,0.58,0.6478571428571429,0.00018153071403503418,"{'C': 10, 'coef0': 0, 'degree': 3, 'gamma': 'scale', 'kernel': 'poly', 'probability': True, 'random_state': 707878}"
openCvDNN,svc,FCBF,0.0,True,Smote,0.8263736263736263,0.7681818181818182,"(0.6782199892700124, 0.858143647093624)",0.7000000000000001,0.735,0.6976984126984127,0.01695042848587036,"{'C': 10, 'coef0': 0, 'degree': 3, 'gamma': 10, 'kernel': 'poly', 'probability': True, 'random_state': 707878}"
openCvDNN,svc,FCBF,0.0,True,Borderline,0.8324175824175825,0.7618181818181818,"(0.6693554703883374, 0.8542808932480263)",0.6916666666666667,0.71,0.681904761904762,0.01609575827916463,"{'C': 100, 'coef0': 0, 'degree': 2, 'gamma': 10, 'kernel': 'poly', 'probability': True, 'random_state': 707878}"
openCvDNN,svc,FCBF,0.0,True,KMeans,0.8203296703296704,0.7154545454545456,"(0.6673700190178151, 0.763539071891276)",0.7171428571428571,0.54,0.5703463203463203,0.005387112299601237,"{'C': 50, 'coef0': 0, 'degree': 2, 'gamma': 10, 'kernel': 'poly', 'probability': True, 'random_state': 707878}"
openCvDNN,svc,FCBF,0.0,True,SVM,0.7945054945054946,0.7427272727272728,"(0.69052010976602, 0.7949344356885256)",0.6838095238095238,0.6849999999999999,0.6620129870129869,0.0036130225658416748,"{'C': 100, 'coef0': 0, 'degree': 2, 'gamma': 5, 'kernel': 'poly', 'probability': True, 'random_state': 707878}"
openCvDNN,svc,FCBF,0.0,True,Tomek,0.7967948717948717,0.7781818181818181,"(0.6975891520265374, 0.8587744843370988)",0.6838095238095238,0.78,0.7094227994227994,0.018911171754201254,"{'C': 10, 'coef0': 0, 'degree': 3, 'gamma': 10, 'kernel': 'poly', 'probability': True, 'random_state': 707878}"
openCvDNN,svc,FCBF,0.98,False,,0.7781818181818181,0.6872727272727273,"(0.6153032641432825, 0.759242190402172)",0.635,0.485,0.5307142857142857,0.00037463466326395666,"{'C': 100, 'coef0': 0, 'degree': 2, 'gamma': 'scale', 'kernel': 'linear', 'probability': True, 'random_state': 707878}"
openCvDNN,svc,FCBF,0.98,False,Random,0.7944444444444445,0.7347222222222223,"(0.6023863116854651, 0.8670581327589795)",0.74,0.705,0.7116161616161615,0.00015195647875467937,"{'C': 50, 'coef0': 0, 'degree': 2, 'gamma': 'scale', 'kernel': 'linear', 'probability': True, 'random_state': 707878}"
openCvDNN,svc,FCBF,0.98,False,Smote,0.817032967032967,0.6427272727272728,"(0.5603557120207817, 0.7250988334337639)",0.6033333333333333,0.47000000000000003,0.48984126984126986,0.00013425866762797038,"{'C': 1, 'coef0': 0, 'degree': 2, 'gamma': 10, 'kernel': 'rbf', 'probability': True, 'random_state': 707878}"
openCvDNN,svc,FCBF,0.98,False,Borderline,0.7653846153846153,0.6963636363636364,"(0.602368846355039, 0.7903584263722339)",0.6127777777777779,0.6599999999999999,0.6141575091575091,0.00586548368136088,"{'C': 5, 'coef0': 0, 'degree': 3, 'gamma': 0.5, 'kernel': 'poly', 'probability': True, 'random_state': 707878}"
openCvDNN,svc,FCBF,0.98,False,KMeans,0.8054945054945055,0.6954545454545455,"(0.6142780878284131, 0.776631003080678)",0.6116666666666667,0.635,0.6051587301587301,0.008474299510320027,"{'C': 1, 'coef0': 0, 'degree': 2, 'gamma': 10, 'kernel': 'poly', 'probability': True, 'random_state': 707878}"
openCvDNN,svc,FCBF,0.98,False,SVM,0.7890109890109891,0.6781818181818181,"(0.5535798313305936, 0.8027838050330426)",0.6052380952380952,0.605,0.5890620490620491,0.000151901642481486,"{'C': 10, 'coef0': 0, 'degree': 2, 'gamma': 5, 'kernel': 'rbf', 'probability': True, 'random_state': 707878}"
openCvDNN,svc,FCBF,0.98,False,Tomek,0.8,0.7327272727272727,"(0.6462295357674334, 0.819225009687112)",0.6371428571428571,0.73,0.6717748917748917,0.005918523867925008,"{'C': 0.1, 'coef0': 0, 'degree': 5, 'gamma': 0.5, 'kernel': 'poly', 'probability': True, 'random_state': 707878}"
openCvDNN,svc,FCBF,0.98,True,,0.730909090909091,0.7318181818181818,"(0.6472402012713017, 0.816396162365062)",0.6904761904761905,0.585,0.602012987012987,0.00046282569567362465,"{'C': 50, 'coef0': 0, 'degree': 2, 'gamma': 5, 'kernel': 'poly', 'probability': True, 'random_state': 707878}"
openCvDNN,svc,FCBF,0.98,True,Random,0.7097222222222223,0.648611111111111,"(0.4978656638025463, 0.7993565584196758)",0.6747619047619048,0.7,0.6752380952380953,0.00012937744458516438,"{'C': 50, 'coef0': 0, 'degree': 2, 'gamma': 0.5, 'kernel': 'sigmoid', 'probability': True, 'random_state': 707878}"
openCvDNN,svc,FCBF,0.98,True,Smote,0.7582417582417582,0.6672727272727274,"(0.5665225671555525, 0.7680228873899022)",0.5945238095238096,0.5900000000000001,0.5724025974025974,0.0012002162138621015,"{'C': 100, 'coef0': 0, 'degree': 3, 'gamma': 'scale', 'kernel': 'poly', 'probability': True, 'random_state': 707878}"
openCvDNN,svc,FCBF,0.98,True,Borderline,0.7653846153846153,0.6963636363636364,"(0.602368846355039, 0.7903584263722339)",0.6127777777777779,0.6599999999999999,0.6141575091575091,0.0061112407843271896,"{'C': 10, 'coef0': 0, 'degree': 3, 'gamma': 10, 'kernel': 'poly', 'probability': True, 'random_state': 707878}"
openCvDNN,svc,FCBF,0.98,True,KMeans,0.7774725274725276,0.65,"(0.5780272727272727, 0.7219727272727273)",0.5266666666666666,0.29500000000000004,0.34714285714285714,9.178598721822103e-05,"{'C': 1, 'coef0': 0, 'degree': 2, 'gamma': 'scale', 'kernel': 'linear', 'probability': True, 'random_state': 707878}"
openCvDNN,svc,FCBF,0.98,True,SVM,0.7950549450549451,0.7254545454545455,"(0.6655566421261275, 0.7853524487829634)",0.6961904761904762,0.635,0.637164502164502,0.0013265748818715414,"{'C': 10, 'coef0': 0, 'degree': 5, 'gamma': 5, 'kernel': 'poly', 'probability': True, 'random_state': 707878}"
openCvDNN,svc,FCBF,0.98,True,Tomek,0.8,0.7327272727272727,"(0.6462295357674334, 0.819225009687112)",0.6371428571428571,0.73,0.6717748917748917,0.005966970920562744,"{'C': 10, 'coef0': 0, 'degree': 5, 'gamma': 5, 'kernel': 'poly', 'probability': True, 'random_state': 707878}"
openCvDNN,svc,FCBF,0.99,False,,0.7327272727272727,0.4045454545454545,"(0.331922847474025, 0.47716806161688397)",0.1719047619047619,0.2,0.18017316017316018,9.277701377868652e-05,"{'C': 100, 'coef0': 0, 'degree': 2, 'gamma': 'auto', 'kernel': 'sigmoid', 'probability': True, 'random_state': 707878}"
openCvDNN,svc,FCBF,0.99,False,Random,0.7208333333333334,0.6958333333333334,"(0.5859548173289707, 0.8057118493376961)",0.7097619047619048,0.7,0.692936507936508,9.237209955851237e-05,"{'C': 5, 'coef0': 0, 'degree': 2, 'gamma': 1, 'kernel': 'rbf', 'probability': True, 'random_state': 707878}"
openCvDNN,svc,FCBF,0.99,False,Smote,0.8038461538461539,0.79,"(0.6841444220874185, 0.8958555779125815)",0.6842857142857144,0.8550000000000001,0.7495815295815296,0.0077056328455607104,"{'C': 50, 'coef0': 0, 'degree': 2, 'gamma': 1, 'kernel': 'poly', 'probability': True, 'random_state': 707878}"
openCvDNN,svc,FCBF,0.99,False,Borderline,0.7587912087912088,0.7136363636363636,"(0.600952556400261, 0.8263201708724662)",0.6288095238095238,0.6599999999999999,0.6279653679653678,0.028126566410064696,"{'C': 50, 'coef0': 0, 'degree': 5, 'gamma': 0.1, 'kernel': 'poly', 'probability': True, 'random_state': 707878}"
openCvDNN,svc,FCBF,0.99,False,KMeans,0.7917582417582417,0.7718181818181818,"(0.7178062773758498, 0.8258300862605139)",0.8833333333333332,0.45999999999999996,0.5883333333333333,0.0002467191219329834,"{'C': 1, 'coef0': 0, 'degree': 2, 'gamma': 10, 'kernel': 'rbf', 'probability': True, 'random_state': 707878}"
openCvDNN,svc,FCBF,0.99,False,SVM,0.810989010989011,0.7154545454545456,"(0.6673700190178151, 0.763539071891276)",0.635,0.61,0.6147619047619047,0.00013670206069946292,"{'C': 1, 'coef0': 0, 'degree': 2, 'gamma': 5, 'kernel': 'rbf', 'probability': True, 'random_state': 707878}"
openCvDNN,svc,FCBF,0.99,False,Tomek,0.8225274725274725,0.7236363636363636,"(0.6344113481321031, 0.8128613791406242)",0.6778571428571428,0.585,0.6157359307359307,0.00014794627825419107,"{'C': 5, 'coef0': 0, 'degree': 2, 'gamma': 10, 'kernel': 'rbf', 'probability': True, 'random_state': 707878}"
openCvDNN,svc,FCBF,0.99,True,,0.76,0.77,"(0.7131403162771912, 0.8268596837228088)",0.8166666666666667,0.54,0.6304761904761905,8.345802625020345e-05,"{'C': 50, 'coef0': 0, 'degree': 2, 'gamma': 'scale', 'kernel': 'linear', 'probability': True, 'random_state': 707878}"
openCvDNN,svc,FCBF,0.99,True,Random,0.7208333333333334,0.6833333333333333,"(0.5785273668176624, 0.7881392998490043)",0.735,0.65,0.6698773448773448,8.437434832255045e-05,"{'C': 100, 'coef0': 0, 'degree': 2, 'gamma': 'auto', 'kernel': 'rbf', 'probability': True, 'random_state': 707878}"
openCvDNN,svc,FCBF,0.99,True,Smote,0.8027472527472528,0.7536363636363637,"(0.6792748121874845, 0.8279979150852428)",0.6883333333333334,0.74,0.693095238095238,0.00269632617632548,"{'C': 10, 'coef0': 0, 'degree': 3, 'gamma': 10, 'kernel': 'poly', 'probability': True, 'random_state': 707878}"
openCvDNN,svc,FCBF,0.99,True,Borderline,0.7587912087912088,0.7136363636363636,"(0.600952556400261, 0.8263201708724662)",0.6288095238095238,0.6599999999999999,0.6279653679653678,0.028917905886967975,"{'C': 10, 'coef0': 0, 'degree': 5, 'gamma': 5, 'kernel': 'poly', 'probability': True, 'random_state': 707878}"
openCvDNN,svc,FCBF,0.99,True,KMeans,0.7994505494505495,0.7054545454545454,"(0.6426914585508092, 0.7682176323582817)",0.6083333333333333,0.445,0.505952380952381,0.000180207093556722,"{'C': 50, 'coef0': 0, 'degree': 2, 'gamma': 1, 'kernel': 'poly', 'probability': True, 'random_state': 707878}"
openCvDNN,svc,FCBF,0.99,True,SVM,0.7807692307692307,0.7136363636363636,"(0.6296157399383002, 0.797656987334427)",0.65,0.5900000000000001,0.6006349206349206,0.00016149799029032392,"{'C': 10, 'coef0': 0, 'degree': 2, 'gamma': 5, 'kernel': 'poly', 'probability': True, 'random_state': 707878}"
openCvDNN,svc,FCBF,0.99,True,Tomek,0.7324175824175824,0.6790909090909092,"(0.6247667443690539, 0.7334150738127645)",0.57,0.5349999999999999,0.5149999999999999,0.0058479019006093345,"{'C': 10, 'coef0': 0, 'degree': 5, 'gamma': 5, 'kernel': 'poly', 'probability': True, 'random_state': 707878}"
openCvDNN,svc,CFS,0.0,False,,0.7418181818181818,0.7245454545454546,"(0.6629269414692776, 0.7861639676216317)",0.775,0.445,0.5383333333333333,0.00010201493899027506,"{'C': 1, 'coef0': 0, 'degree': 2, 'gamma': 'scale', 'kernel': 'linear', 'probability': True, 'random_state': 707878}"
openCvDNN,svc,CFS,0.0,False,Random,0.8055555555555556,0.7333333333333334,"(0.6585760416868258, 0.808090624979841)",0.8516666666666666,0.605,0.6767460317460318,0.00016225457191467287,"{'C': 1, 'coef0': 0, 'degree': 3, 'gamma': 0.1, 'kernel': 'poly', 'probability': True, 'random_state': 707878}"
openCvDNN,svc,CFS,0.0,False,Smote,0.826923076923077,0.7336363636363636,"(0.6168251747547591, 0.8504475525179682)",0.6371428571428572,0.645,0.6294733044733044,0.00017405907313028973,"{'C': 5, 'coef0': 0, 'degree': 2, 'gamma': 5, 'kernel': 'rbf', 'probability': True, 'random_state': 707878}"
openCvDNN,svc,CFS,0.0,False,Borderline,0.7923076923076924,0.761818181818182,"(0.6745848330506946, 0.8490515305856693)",0.825,0.485,0.5823809523809524,0.00019661943117777505,"{'C': 1, 'coef0': 0, 'degree': 2, 'gamma': 10, 'kernel': 'rbf', 'probability': True, 'random_state': 707878}"
openCvDNN,svc,CFS,0.0,False,KMeans,0.7989010989010988,0.6972727272727273,"(0.6161657551783749, 0.7783796993670796)",0.66,0.445,0.5126190476190476,0.0001964712142944336,"{'C': 5, 'coef0': 0, 'degree': 2, 'gamma': 5, 'kernel': 'rbf', 'probability': True, 'random_state': 707878}"
openCvDNN,svc,CFS,0.0,False,SVM,0.775824175824176,0.78,"(0.7040536160415545, 0.8559463839584456)",0.825,0.5349999999999999,0.6133333333333334,0.0001972949504852295,"{'C': 5, 'coef0': 0, 'degree': 2, 'gamma': 10, 'kernel': 'rbf', 'probability': True, 'random_state': 707878}"
openCvDNN,svc,CFS,0.0,False,Tomek,0.8181318681318681,0.79,"(0.6934287224912634, 0.8865712775087367)",0.7116666666666667,0.805,0.7368759018759018,0.010303736130396524,"{'C': 1, 'coef0': 0, 'degree': 5, 'gamma': 0.1, 'kernel': 'poly', 'probability': True, 'random_state': 707878}"
openCvDNN,svc,CFS,0.0,True,,0.7327272727272727,0.7236363636363636,"(0.6456510338864783, 0.801621693386249)",0.7,0.395,0.4923809523809525,0.00012949784596761067,"{'C': 100, 'coef0': 0, 'degree': 2, 'gamma': 0.1, 'kernel': 'rbf', 'probability': True, 'random_state': 707878}"
openCvDNN,svc,CFS,0.0,True,Random,0.7694444444444445,0.7472222222222222,"(0.6585106932625071, 0.8359337511819374)",0.8383333333333333,0.655,0.7075685425685425,0.0002454050381978353,"{'C': 10, 'coef0': 0, 'degree': 2, 'gamma': 5, 'kernel': 'poly', 'probability': True, 'random_state': 707878}"
openCvDNN,svc,CFS,0.0,True,Smote,0.80989010989011,0.76,"(0.6459917843180799, 0.8740082156819201)",0.6721428571428572,0.8099999999999999,0.7222222222222222,0.015519326130549113,"{'C': 10, 'coef0': 0, 'degree': 3, 'gamma': 10, 'kernel': 'poly', 'probability': True, 'random_state': 707878}"
openCvDNN,svc,CFS,0.0,True,Borderline,0.7807692307692307,0.7972727272727272,"(0.7157036363636363, 0.8788418181818182)",0.7304761904761905,0.7849999999999999,0.7428066378066378,0.013233701785405477,"{'C': 1, 'coef0': 0, 'degree': 5, 'gamma': 5, 'kernel': 'poly', 'probability': True, 'random_state': 707878}"
openCvDNN,svc,CFS,0.0,True,KMeans,0.7857142857142858,0.6963636363636363,"(0.6320476880310698, 0.7606795846962028)",0.6583333333333333,0.34500000000000003,0.43119047619047624,0.00017305850982666016,"{'C': 50, 'coef0': 0, 'degree': 3, 'gamma': 0.5, 'kernel': 'poly', 'probability': True, 'random_state': 707878}"
openCvDNN,svc,CFS,0.0,True,SVM,0.7675824175824177,0.7963636363636363,"(0.6919943185581933, 0.9007329541690793)",0.755,0.7849999999999999,0.7542568542568542,0.0007412083943684896,"{'C': 10, 'coef0': 0, 'degree': 2, 'gamma': 5, 'kernel': 'poly', 'probability': True, 'random_state': 707878}"
openCvDNN,svc,CFS,0.0,True,Tomek,0.7961538461538462,0.7618181818181818,"(0.6596969561082646, 0.8639394075280991)",0.655,0.805,0.7130663780663781,0.014893519481023154,"{'C': 5, 'coef0': 0, 'degree': 3, 'gamma': 10, 'kernel': 'poly', 'probability': True, 'random_state': 707878}"
openCvDNN,svc,CFS,0.98,False,,0.77,0.6863636363636364,"(0.6046104293347734, 0.7681168433924994)",0.6233333333333333,0.515,0.5460317460317461,0.00033277432123819987,"{'C': 0.1, 'coef0': 0, 'degree': 2, 'gamma': 10, 'kernel': 'poly', 'probability': True, 'random_state': 707878}"
openCvDNN,svc,CFS,0.98,False,Random,0.7597222222222222,0.6833333333333333,"(0.5556065619919894, 0.8110601046746773)",0.6561904761904762,0.625,0.62005772005772,0.00010853727658589683,"{'C': 100, 'coef0': 0, 'degree': 2, 'gamma': 0.1, 'kernel': 'rbf', 'probability': True, 'random_state': 707878}"
openCvDNN,svc,CFS,0.98,False,Smote,0.8093406593406594,0.6881818181818182,"(0.6008273661246112, 0.7755362702390253)",0.6138095238095238,0.6950000000000001,0.6054256854256854,0.03743362029393514,"{'C': 5, 'coef0': 0, 'degree': 2, 'gamma': 10, 'kernel': 'poly', 'probability': True, 'random_state': 707878}"
openCvDNN,svc,CFS,0.98,False,Borderline,0.8258241758241759,0.77,"(0.6922046837119121, 0.8477953162880879)",0.6888095238095238,0.7849999999999999,0.7216955266955266,0.021753696203231813,"{'C': 10, 'coef0': 0, 'degree': 2, 'gamma': 10, 'kernel': 'poly', 'probability': True, 'random_state': 707878}"
openCvDNN,svc,CFS,0.98,False,KMeans,0.7994505494505495,0.6518181818181819,"(0.5673068900106654, 0.7363294736256983)",0.5966666666666667,0.425,0.4626984126984127,0.000125277042388916,"{'C': 10, 'coef0': 0, 'degree': 5, 'gamma': 0.1, 'kernel': 'poly', 'probability': True, 'random_state': 707878}"
openCvDNN,svc,CFS,0.98,False,SVM,0.8104395604395604,0.7054545454545454,"(0.6426914585508092, 0.7682176323582817)",0.6183333333333334,0.64,0.6188095238095238,0.0002255817254384359,"{'C': 100, 'coef0': 0, 'degree': 2, 'gamma': 1, 'kernel': 'rbf', 'probability': True, 'random_state': 707878}"
openCvDNN,svc,CFS,0.98,False,Tomek,0.8131868131868132,0.7336363636363636,"(0.6295894211314149, 0.8376833061413124)",0.6445238095238095,0.705,0.660974025974026,0.00032526214917500817,"{'C': 100, 'coef0': 0, 'degree': 2, 'gamma': 'scale', 'kernel': 'linear', 'probability': True, 'random_state': 707878}"
openCvDNN,svc,CFS,0.98,True,,0.76,0.7236363636363636,"(0.6519285133797164, 0.7953442138930109)",0.7,0.41500000000000004,0.5066666666666667,0.00011950135231018067,"{'C': 100, 'coef0': 0, 'degree': 2, 'gamma': 0.5, 'kernel': 'sigmoid', 'probability': True, 'random_state': 707878}"
openCvDNN,svc,CFS,0.98,True,Random,0.7444444444444445,0.6958333333333333,"(0.5753845665943143, 0.8162821000723524)",0.6728571428571428,0.65,0.6438672438672438,0.00010297735532124838,"{'C': 50, 'coef0': 0, 'degree': 2, 'gamma': 5, 'kernel': 'rbf', 'probability': True, 'random_state': 707878}"
openCvDNN,svc,CFS,0.98,True,Smote,0.8098901098901099,0.7154545454545456,"(0.6317252135481723, 0.7991838773609188)",0.6288095238095238,0.6950000000000001,0.6285209235209235,0.026270688374837238,"{'C': 100, 'coef0': 0, 'degree': 5, 'gamma': 10, 'kernel': 'poly', 'probability': True, 'random_state': 707878}"
openCvDNN,svc,CFS,0.98,True,Borderline,0.8016483516483517,0.7781818181818181,"(0.6975891520265374, 0.8587744843370988)",0.7071428571428571,0.7849999999999999,0.7243939393939394,0.01543513615926107,"{'C': 100, 'coef0': 0, 'degree': 3, 'gamma': 10, 'kernel': 'poly', 'probability': True, 'random_state': 707878}"
openCvDNN,svc,CFS,0.98,True,KMeans,0.7983516483516484,0.7518181818181818,"(0.664141605434971, 0.8394947582013926)",0.685,0.665,0.6670634920634921,0.0008667544523874918,"{'C': 100, 'coef0': 0, 'degree': 2, 'gamma': 10, 'kernel': 'poly', 'probability': True, 'random_state': 707878}"
openCvDNN,svc,CFS,0.98,True,SVM,0.8021978021978022,0.7418181818181818,"(0.6645592137169567, 0.8190771499194069)",0.7266666666666668,0.64,0.6544444444444444,0.000711466868718465,"{'C': 5, 'coef0': 0, 'degree': 5, 'gamma': 10, 'kernel': 'poly', 'probability': True, 'random_state': 707878}"
openCvDNN,svc,CFS,0.98,True,Tomek,0.7846153846153847,0.7163636363636364,"(0.6047881423866956, 0.8279391303405772)",0.615,0.735,0.6596031746031745,0.006928550402323405,"{'C': 50, 'coef0': 0, 'degree': 5, 'gamma': 10, 'kernel': 'poly', 'probability': True, 'random_state': 707878}"
openCvDNN,svc,CFS,0.99,False,,0.7518181818181818,0.7045454545454546,"(0.6188636363636364, 0.7902272727272728)",0.6945238095238095,0.5599999999999999,0.5785930735930737,0.00024317582448323566,"{'C': 100, 'coef0': 0, 'degree': 2, 'gamma': 'scale', 'kernel': 'linear', 'probability': True, 'random_state': 707878}"
openCvDNN,svc,CFS,0.99,False,Random,0.7680555555555555,0.6958333333333333,"(0.5830003022256358, 0.8086663644410308)",0.7011904761904761,0.6,0.6299783549783549,0.00010849396387736003,"{'C': 5, 'coef0': 0, 'degree': 3, 'gamma': 'scale', 'kernel': 'poly', 'probability': True, 'random_state': 707878}"
openCvDNN,svc,CFS,0.99,False,Smote,0.7736263736263737,0.7990909090909091,"(0.7036944488242673, 0.8944873693575508)",0.7433333333333333,0.735,0.7305555555555554,0.0001801852385203044,"{'C': 5, 'coef0': 0, 'degree': 2, 'gamma': 10, 'kernel': 'rbf', 'probability': True, 'random_state': 707878}"
openCvDNN,svc,CFS,0.99,False,Borderline,0.7813186813186813,0.6945454545454546,"(0.6034444451979604, 0.7856464638929488)",0.5788095238095238,0.7,0.6229220779220779,0.005059477885564169,"{'C': 5, 'coef0': 0, 'degree': 3, 'gamma': 1, 'kernel': 'poly', 'probability': True, 'random_state': 707878}"
openCvDNN,svc,CFS,0.99,False,KMeans,0.8131868131868132,0.7436363636363637,"(0.6534372127360337, 0.8338355145366936)",0.7528571428571429,0.615,0.6513708513708514,0.008221609989802042,"{'C': 0.01, 'coef0': 0, 'degree': 3, 'gamma': 5, 'kernel': 'poly', 'probability': True, 'random_state': 707878}"
openCvDNN,svc,CFS,0.99,False,SVM,0.7983516483516484,0.7063636363636363,"(0.6393396399454297, 0.7733876327818429)",0.6278571428571429,0.665,0.6304978354978354,0.014823280572891234,"{'C': 5, 'coef0': 0, 'degree': 2, 'gamma': 10, 'kernel': 'poly', 'probability': True, 'random_state': 707878}"
openCvDNN,svc,CFS,0.99,False,Tomek,0.820879120879121,0.7145454545454545,"(0.6134229029901369, 0.8156680061007721)",0.6761904761904762,0.6900000000000001,0.6537518037518038,0.004189572731653849,"{'C': 100, 'coef0': 0, 'degree': 3, 'gamma': 0.5, 'kernel': 'poly', 'probability': True, 'random_state': 707878}"
openCvDNN,svc,CFS,0.99,True,,0.7518181818181818,0.7245454545454546,"(0.6629269414692774, 0.7861639676216318)",0.7166666666666666,0.495,0.5638095238095239,0.0001241604487101237,"{'C': 100, 'coef0': 0, 'degree': 2, 'gamma': 0.5, 'kernel': 'rbf', 'probability': True, 'random_state': 707878}"
openCvDNN,svc,CFS,0.99,True,Random,0.7458333333333333,0.7208333333333333,"(0.6028685028020095, 0.8387981638646571)",0.7883333333333333,0.7,0.7040043290043291,0.00011924544970194498,"{'C': 100, 'coef0': 0, 'degree': 2, 'gamma': 5, 'kernel': 'rbf', 'probability': True, 'random_state': 707878}"
openCvDNN,svc,CFS,0.99,True,Smote,0.7543956043956044,0.7427272727272728,"(0.6284371051277923, 0.8570174403267533)",0.6461904761904762,0.8099999999999999,0.7106782106782106,0.00793715238571167,"{'C': 50, 'coef0': 0, 'degree': 5, 'gamma': 10, 'kernel': 'poly', 'probability': True, 'random_state': 707878}"
openCvDNN,svc,CFS,0.99,True,Borderline,0.7681318681318682,0.7036363636363637,"(0.6036351465198037, 0.8036375807529238)",0.5978571428571429,0.675,0.6218831168831168,0.004219077428181966,"{'C': 10, 'coef0': 0, 'degree': 5, 'gamma': 10, 'kernel': 'poly', 'probability': True, 'random_state': 707878}"
openCvDNN,svc,CFS,0.99,True,KMeans,0.7840659340659341,0.7136363636363636,"(0.6296157399383002, 0.797656987334427)",0.6433333333333333,0.47000000000000003,0.5333333333333334,0.00011246244112650553,"{'C': 10, 'coef0': 0, 'degree': 2, 'gamma': 'scale', 'kernel': 'linear', 'probability': True, 'random_state': 707878}"
openCvDNN,svc,CFS,0.99,True,SVM,0.7813186813186814,0.7245454545454546,"(0.6557229508022195, 0.7933679582886897)",0.6554761904761904,0.7150000000000001,0.6537590187590188,0.008002334038416544,"{'C': 100, 'coef0': 0, 'degree': 3, 'gamma': 10, 'kernel': 'poly', 'probability': True, 'random_state': 707878}"
openCvDNN,svc,CFS,0.99,True,Tomek,0.7983516483516484,0.7336363636363636,"(0.6342076435557978, 0.8330650837169294)",0.6666666666666666,0.6599999999999999,0.6556349206349207,0.000705341100692749,"{'C': 5, 'coef0': 0, 'degree': 5, 'gamma': 10, 'kernel': 'poly', 'probability': True, 'random_state': 707878}"
openCvDNN,svc,RFS,0.0,False,,0.7336363636363636,0.7336363636363636,"(0.6616114301895597, 0.8056612970831676)",0.7233333333333334,0.585,0.6165873015873015,0.00195743719736735,"{'C': 0.01, 'coef0': 0, 'degree': 2, 'gamma': 10, 'kernel': 'poly', 'probability': True, 'random_state': 707878}"
openCvDNN,svc,RFS,0.0,False,Random,0.7347222222222223,0.7347222222222223,"(0.6122867611117022, 0.8571576833327423)",0.8166666666666668,0.6799999999999999,0.7161904761904763,0.007986358801523845,"{'C': 1, 'coef0': 0, 'degree': 2, 'gamma': 5, 'kernel': 'poly', 'probability': True, 'random_state': 707878}"
openCvDNN,svc,RFS,0.0,False,Smote,0.793956043956044,0.7136363636363636,"(0.609625553247799, 0.8176471740249283)",0.6364285714285715,0.75,0.6627777777777778,0.03828873991966247,"{'C': 1, 'coef0': 0, 'degree': 2, 'gamma': 5, 'kernel': 'poly', 'probability': True, 'random_state': 707878}"
openCvDNN,svc,RFS,0.0,False,Borderline,0.795054945054945,0.7154545454545456,"(0.6317252135481723, 0.7991838773609188)",0.6363095238095238,0.75,0.655999555999556,0.016397372881571455,"{'C': 1, 'coef0': 0, 'degree': 5, 'gamma': 0.1, 'kernel': 'poly', 'probability': True, 'random_state': 707878}"
openCvDNN,svc,RFS,0.0,False,KMeans,0.7714285714285715,0.7063636363636364,"(0.6552478427149941, 0.7574794300122787)",0.75,0.24500000000000002,0.36,0.00021405180295308433,"{'C': 1, 'coef0': 0, 'degree': 2, 'gamma': 10, 'kernel': 'rbf', 'probability': True, 'random_state': 707878}"
openCvDNN,svc,RFS,0.0,False,SVM,0.7741758241758242,0.7154545454545456,"(0.637538531993133, 0.7933705589159581)",0.6628571428571428,0.6599999999999999,0.6378787878787879,0.017064051230748493,"{'C': 50, 'coef0': 0, 'degree': 5, 'gamma': 'scale', 'kernel': 'poly', 'probability': True, 'random_state': 707878}"
openCvDNN,svc,RFS,0.0,False,Tomek,0.7923076923076924,0.7136363636363636,"(0.5929009829529851, 0.8343717443197421)",0.6478571428571429,0.75,0.6664862914862916,0.018419841130574547,"{'C': 0.1, 'coef0': 0, 'degree': 2, 'gamma': 10, 'kernel': 'poly', 'probability': True, 'random_state': 707878}"
openCvDNN,svc,RFS,0.0,True,,0.7518181818181818,0.7518181818181818,"(0.6891412436733856, 0.8144951199629781)",0.6983333333333334,0.6599999999999999,0.669047619047619,0.006962476571400962,"{'C': 5, 'coef0': 0, 'degree': 5, 'gamma': 'scale', 'kernel': 'poly', 'probability': True, 'random_state': 707878}"
openCvDNN,svc,RFS,0.0,True,Random,0.7819444444444444,0.7819444444444444,"(0.7163695997657902, 0.8475192891230987)",0.9114285714285714,0.675,0.736031746031746,0.0002427097161610921,"{'C': 1, 'coef0': 0, 'degree': 2, 'gamma': 10, 'kernel': 'poly', 'probability': True, 'random_state': 707878}"
openCvDNN,svc,RFS,0.0,True,Smote,0.7967032967032968,0.770909090909091,"(0.6780913570663469, 0.863726824751835)",0.6808333333333334,0.805,0.7288888888888889,0.02381152669588725,"{'C': 5, 'coef0': 0, 'degree': 3, 'gamma': 10, 'kernel': 'poly', 'probability': True, 'random_state': 707878}"
